-- MySQL dump 10.14  Distrib 5.5.34-MariaDB, for Linux (x86_64)
--
-- Host: localhost    Database: coastkeeper
-- ------------------------------------------------------
-- Server version	5.5.34-MariaDB-log

/*!40101 SET @OLD_CHARACTER_SET_CLIENT=@@CHARACTER_SET_CLIENT */;
/*!40101 SET @OLD_CHARACTER_SET_RESULTS=@@CHARACTER_SET_RESULTS */;
/*!40101 SET @OLD_COLLATION_CONNECTION=@@COLLATION_CONNECTION */;
/*!40101 SET NAMES utf8 */;
/*!40103 SET @OLD_TIME_ZONE=@@TIME_ZONE */;
/*!40103 SET TIME_ZONE='+00:00' */;
/*!40014 SET @OLD_UNIQUE_CHECKS=@@UNIQUE_CHECKS, UNIQUE_CHECKS=0 */;
/*!40014 SET @OLD_FOREIGN_KEY_CHECKS=@@FOREIGN_KEY_CHECKS, FOREIGN_KEY_CHECKS=0 */;
/*!40101 SET @OLD_SQL_MODE=@@SQL_MODE, SQL_MODE='NO_AUTO_VALUE_ON_ZERO' */;
/*!40111 SET @OLD_SQL_NOTES=@@SQL_NOTES, SQL_NOTES=0 */;

--
-- Table structure for table `assigned_roles`
--

DROP TABLE IF EXISTS `assigned_roles`;
/*!40101 SET @saved_cs_client     = @@character_set_client */;
/*!40101 SET character_set_client = utf8 */;
CREATE TABLE `assigned_roles` (
  `id` int(10) unsigned NOT NULL AUTO_INCREMENT,
  `user_id` int(10) unsigned NOT NULL,
  `role_id` int(10) unsigned NOT NULL,
  PRIMARY KEY (`id`),
  KEY `assigned_roles_user_id_foreign` (`user_id`),
  KEY `assigned_roles_role_id_foreign` (`role_id`),
  CONSTRAINT `assigned_roles_role_id_foreign` FOREIGN KEY (`role_id`) REFERENCES `roles` (`id`) ON DELETE CASCADE,
  CONSTRAINT `assigned_roles_user_id_foreign` FOREIGN KEY (`user_id`) REFERENCES `users` (`id`) ON DELETE CASCADE
) ENGINE=InnoDB AUTO_INCREMENT=3 DEFAULT CHARSET=utf8 COLLATE=utf8_unicode_ci;
/*!40101 SET character_set_client = @saved_cs_client */;

--
-- Dumping data for table `assigned_roles`
--

LOCK TABLES `assigned_roles` WRITE;
/*!40000 ALTER TABLE `assigned_roles` DISABLE KEYS */;
INSERT INTO `assigned_roles` VALUES (1,1,1),(2,2,2);
/*!40000 ALTER TABLE `assigned_roles` ENABLE KEYS */;
UNLOCK TABLES;

--
-- Table structure for table `categories`
--

DROP TABLE IF EXISTS `categories`;
/*!40101 SET @saved_cs_client     = @@character_set_client */;
/*!40101 SET character_set_client = utf8 */;
CREATE TABLE `categories` (
  `id` int(10) unsigned NOT NULL AUTO_INCREMENT,
  `created_at` timestamp NOT NULL DEFAULT '0000-00-00 00:00:00',
  `updated_at` timestamp NOT NULL DEFAULT '0000-00-00 00:00:00',
  `name` varchar(50) COLLATE utf8_unicode_ci NOT NULL,
  `datasheet_id` int(10) unsigned NOT NULL,
  PRIMARY KEY (`id`),
  KEY `categories_datasheet_id_index` (`datasheet_id`),
  CONSTRAINT `categories_datasheet_id_foreign` FOREIGN KEY (`datasheet_id`) REFERENCES `datasheets` (`id`)
) ENGINE=InnoDB AUTO_INCREMENT=4 DEFAULT CHARSET=utf8 COLLATE=utf8_unicode_ci;
/*!40101 SET character_set_client = @saved_cs_client */;

--
-- Dumping data for table `categories`
--

LOCK TABLES `categories` WRITE;
/*!40000 ALTER TABLE `categories` DISABLE KEYS */;
INSERT INTO `categories` VALUES (1,'2014-01-28 08:15:36','2014-01-28 08:15:36','Beach Uses',1),(2,'2014-01-28 08:15:36','2014-01-28 08:15:36','Ocean Uses',1),(3,'2014-01-28 08:15:36','2014-01-28 08:15:36','General Pollution Issues',1);
/*!40000 ALTER TABLE `categories` ENABLE KEYS */;
UNLOCK TABLES;

--
-- Table structure for table `datasheets`
--

DROP TABLE IF EXISTS `datasheets`;
/*!40101 SET @saved_cs_client     = @@character_set_client */;
/*!40101 SET character_set_client = utf8 */;
CREATE TABLE `datasheets` (
  `id` int(10) unsigned NOT NULL AUTO_INCREMENT,
  `created_at` timestamp NOT NULL DEFAULT '0000-00-00 00:00:00',
  `updated_at` timestamp NOT NULL DEFAULT '0000-00-00 00:00:00',
  `name` varchar(50) COLLATE utf8_unicode_ci NOT NULL,
  PRIMARY KEY (`id`)
) ENGINE=InnoDB AUTO_INCREMENT=2 DEFAULT CHARSET=utf8 COLLATE=utf8_unicode_ci;
/*!40101 SET character_set_client = @saved_cs_client */;

--
-- Dumping data for table `datasheets`
--

LOCK TABLES `datasheets` WRITE;
/*!40000 ALTER TABLE `datasheets` DISABLE KEYS */;
INSERT INTO `datasheets` VALUES (1,'2014-01-28 08:15:36','2014-01-28 08:15:36','Default');
/*!40000 ALTER TABLE `datasheets` ENABLE KEYS */;
UNLOCK TABLES;

--
-- Table structure for table `fields`
--

DROP TABLE IF EXISTS `fields`;
/*!40101 SET @saved_cs_client     = @@character_set_client */;
/*!40101 SET character_set_client = utf8 */;
CREATE TABLE `fields` (
  `id` int(10) unsigned NOT NULL AUTO_INCREMENT,
  `created_at` timestamp NOT NULL DEFAULT '0000-00-00 00:00:00',
  `updated_at` timestamp NOT NULL DEFAULT '0000-00-00 00:00:00',
  `name` varchar(50) COLLATE utf8_unicode_ci NOT NULL,
  `category_id` int(10) unsigned NOT NULL,
  PRIMARY KEY (`id`),
  KEY `fields_category_id_index` (`category_id`),
  CONSTRAINT `fields_category_id_foreign` FOREIGN KEY (`category_id`) REFERENCES `categories` (`id`)
) ENGINE=InnoDB AUTO_INCREMENT=19 DEFAULT CHARSET=utf8 COLLATE=utf8_unicode_ci;
/*!40101 SET character_set_client = @saved_cs_client */;

--
-- Dumping data for table `fields`
--

LOCK TABLES `fields` WRITE;
/*!40000 ALTER TABLE `fields` DISABLE KEYS */;
INSERT INTO `fields` VALUES (1,'2014-01-28 08:15:36','2014-01-28 08:15:36','Resting Leisure',1),(2,'2014-01-28 08:15:36','2014-01-28 08:15:36','Active or Sporting Leisure',1),(3,'2014-01-28 08:15:36','2014-01-28 08:15:36','Walking or Running',1),(4,'2014-01-28 08:15:36','2014-01-28 08:15:36','Picnic or Grilling',1),(5,'2014-01-28 08:15:36','2014-01-28 08:15:36','Domestic Animals',1),(6,'2014-01-28 08:15:36','2014-01-28 08:15:36','Surfing or Swimming',2),(7,'2014-01-28 08:15:36','2014-01-28 08:15:36','ACTIVE Shore Fishing',2),(8,'2014-01-28 08:15:36','2014-01-28 08:15:36','Recreational Boating',2),(9,'2014-01-28 08:15:36','2014-01-28 08:15:36','Commercial Boating',2),(10,'2014-01-28 08:15:36','2014-01-28 08:15:36','ACTIVE Commercial Boating',2),(11,'2014-01-28 08:15:36','2014-01-28 08:15:36','ACTIVE Recreational Boat Fishing',2),(12,'2014-01-28 08:15:36','2014-01-28 08:15:36','Diving',2),(13,'2014-01-28 08:15:36','2014-01-28 08:15:36','Kelp Harvesting',2),(14,'2014-01-28 08:15:36','2014-01-28 08:15:36','Runoff',3),(15,'2014-01-28 08:15:36','2014-01-28 08:15:36','Open Dumpster',3),(16,'2014-01-28 08:15:36','2014-01-28 08:15:36','Cigarette Butts',3),(17,'2014-01-28 08:15:36','2014-01-28 08:15:36','Animal Droppings',3),(18,'2014-01-28 08:15:36','2014-01-28 08:15:36','Litter',3);
/*!40000 ALTER TABLE `fields` ENABLE KEYS */;
UNLOCK TABLES;

--
-- Table structure for table `locations`
--

DROP TABLE IF EXISTS `locations`;
/*!40101 SET @saved_cs_client     = @@character_set_client */;
/*!40101 SET character_set_client = utf8 */;
CREATE TABLE `locations` (
  `id` int(10) unsigned NOT NULL AUTO_INCREMENT,
  `created_at` timestamp NOT NULL DEFAULT '0000-00-00 00:00:00',
  `updated_at` timestamp NOT NULL DEFAULT '0000-00-00 00:00:00',
  `name` varchar(50) COLLATE utf8_unicode_ci NOT NULL,
  `datasheet_id` int(10) unsigned NOT NULL,
  PRIMARY KEY (`id`),
  KEY `locations_datasheet_id_index` (`datasheet_id`),
  CONSTRAINT `locations_datasheet_id_foreign` FOREIGN KEY (`datasheet_id`) REFERENCES `datasheets` (`id`)
) ENGINE=InnoDB AUTO_INCREMENT=3 DEFAULT CHARSET=utf8 COLLATE=utf8_unicode_ci;
/*!40101 SET character_set_client = @saved_cs_client */;

--
-- Dumping data for table `locations`
--

LOCK TABLES `locations` WRITE;
/*!40000 ALTER TABLE `locations` DISABLE KEYS */;
INSERT INTO `locations` VALUES (1,'2014-01-28 08:15:35','2014-01-28 08:15:35','Matlahuayl SMR',1),(2,'2014-01-28 08:15:35','2014-01-28 08:15:35','South La Jolla SMR',1);
/*!40000 ALTER TABLE `locations` ENABLE KEYS */;
UNLOCK TABLES;

--
-- Table structure for table `migrations`
--

DROP TABLE IF EXISTS `migrations`;
/*!40101 SET @saved_cs_client     = @@character_set_client */;
/*!40101 SET character_set_client = utf8 */;
CREATE TABLE `migrations` (
  `migration` varchar(255) COLLATE utf8_unicode_ci NOT NULL,
  `batch` int(11) NOT NULL
) ENGINE=InnoDB DEFAULT CHARSET=utf8 COLLATE=utf8_unicode_ci;
/*!40101 SET character_set_client = @saved_cs_client */;

--
-- Dumping data for table `migrations`
--

LOCK TABLES `migrations` WRITE;
/*!40000 ALTER TABLE `migrations` DISABLE KEYS */;
INSERT INTO `migrations` VALUES ('2014_01_23_071000_create_tallies_table',1),('2014_01_23_071001_create_segments_table',1),('2014_01_23_071002_create_sections_table',1),('2014_01_23_071003_create_patrols_table',1),('2014_01_23_071004_create_locations_table',1),('2014_01_23_071005_create_fields_table',1),('2014_01_23_071006_create_categories_table',1),('2014_01_23_071007_create_datasheets_table',1),('2014_01_23_071159_create_users_table',1),('2014_01_23_071210_create_foreign_keys',1),('2014_01_24_195440_add_confide_user',1),('2014_01_24_220656_entrust_setup_tables',1);
/*!40000 ALTER TABLE `migrations` ENABLE KEYS */;
UNLOCK TABLES;

--
-- Table structure for table `patrols`
--

DROP TABLE IF EXISTS `patrols`;
/*!40101 SET @saved_cs_client     = @@character_set_client */;
/*!40101 SET character_set_client = utf8 */;
CREATE TABLE `patrols` (
  `id` int(10) unsigned NOT NULL AUTO_INCREMENT,
  `created_at` timestamp NOT NULL DEFAULT '0000-00-00 00:00:00',
  `updated_at` timestamp NOT NULL DEFAULT '0000-00-00 00:00:00',
  `date` date NOT NULL,
  `is_finished` tinyint(1) NOT NULL,
  `user_id` int(10) unsigned NOT NULL,
  `location_id` int(10) unsigned NOT NULL,
  PRIMARY KEY (`id`),
  KEY `patrols_user_id_index` (`user_id`),
  KEY `patrols_location_id_index` (`location_id`),
  CONSTRAINT `patrols_location_id_foreign` FOREIGN KEY (`location_id`) REFERENCES `locations` (`id`),
  CONSTRAINT `patrols_user_id_foreign` FOREIGN KEY (`user_id`) REFERENCES `users` (`id`)
) ENGINE=InnoDB AUTO_INCREMENT=6 DEFAULT CHARSET=utf8 COLLATE=utf8_unicode_ci;
/*!40101 SET character_set_client = @saved_cs_client */;

--
-- Dumping data for table `patrols`
--

LOCK TABLES `patrols` WRITE;
/*!40000 ALTER TABLE `patrols` DISABLE KEYS */;
INSERT INTO `patrols` VALUES (1,'2014-01-28 08:15:37','2014-01-28 08:15:37','2014-02-28',1,1,1),(2,'2014-01-28 08:15:45','2014-01-28 08:15:45','2014-03-28',1,1,1),(3,'2014-01-28 08:15:55','2014-01-28 08:15:55','2014-04-28',1,2,1),(4,'2014-01-28 08:16:04','2014-01-28 08:16:04','2014-05-29',1,2,2),(5,'2014-01-28 08:16:15','2014-01-28 08:16:15','2014-06-29',1,1,1);
/*!40000 ALTER TABLE `patrols` ENABLE KEYS */;
UNLOCK TABLES;

--
-- Table structure for table `permission_role`
--

DROP TABLE IF EXISTS `permission_role`;
/*!40101 SET @saved_cs_client     = @@character_set_client */;
/*!40101 SET character_set_client = utf8 */;
CREATE TABLE `permission_role` (
  `id` int(10) unsigned NOT NULL AUTO_INCREMENT,
  `permission_id` int(10) unsigned NOT NULL,
  `role_id` int(10) unsigned NOT NULL,
  PRIMARY KEY (`id`),
  KEY `permission_role_permission_id_foreign` (`permission_id`),
  KEY `permission_role_role_id_foreign` (`role_id`),
  CONSTRAINT `permission_role_permission_id_foreign` FOREIGN KEY (`permission_id`) REFERENCES `permissions` (`id`) ON DELETE CASCADE,
  CONSTRAINT `permission_role_role_id_foreign` FOREIGN KEY (`role_id`) REFERENCES `roles` (`id`) ON DELETE CASCADE
) ENGINE=InnoDB AUTO_INCREMENT=4 DEFAULT CHARSET=utf8 COLLATE=utf8_unicode_ci;
/*!40101 SET character_set_client = @saved_cs_client */;

--
-- Dumping data for table `permission_role`
--

LOCK TABLES `permission_role` WRITE;
/*!40000 ALTER TABLE `permission_role` DISABLE KEYS */;
INSERT INTO `permission_role` VALUES (1,1,1),(2,2,1),(3,1,2);
/*!40000 ALTER TABLE `permission_role` ENABLE KEYS */;
UNLOCK TABLES;

--
-- Table structure for table `permissions`
--

DROP TABLE IF EXISTS `permissions`;
/*!40101 SET @saved_cs_client     = @@character_set_client */;
/*!40101 SET character_set_client = utf8 */;
CREATE TABLE `permissions` (
  `id` int(10) unsigned NOT NULL AUTO_INCREMENT,
  `name` varchar(255) COLLATE utf8_unicode_ci NOT NULL,
  `display_name` varchar(255) COLLATE utf8_unicode_ci NOT NULL,
  `created_at` timestamp NOT NULL DEFAULT '0000-00-00 00:00:00',
  `updated_at` timestamp NOT NULL DEFAULT '0000-00-00 00:00:00',
  PRIMARY KEY (`id`)
) ENGINE=InnoDB AUTO_INCREMENT=3 DEFAULT CHARSET=utf8 COLLATE=utf8_unicode_ci;
/*!40101 SET character_set_client = @saved_cs_client */;

--
-- Dumping data for table `permissions`
--

LOCK TABLES `permissions` WRITE;
/*!40000 ALTER TABLE `permissions` DISABLE KEYS */;
INSERT INTO `permissions` VALUES (1,'can_patrol','Can patrol','2014-01-28 08:15:35','2014-01-28 08:15:35'),(2,'can_manage','Can manage','2014-01-28 08:15:35','2014-01-28 08:15:35');
/*!40000 ALTER TABLE `permissions` ENABLE KEYS */;
UNLOCK TABLES;

--
-- Table structure for table `roles`
--

DROP TABLE IF EXISTS `roles`;
/*!40101 SET @saved_cs_client     = @@character_set_client */;
/*!40101 SET character_set_client = utf8 */;
CREATE TABLE `roles` (
  `id` int(10) unsigned NOT NULL AUTO_INCREMENT,
  `name` varchar(255) COLLATE utf8_unicode_ci NOT NULL,
  `created_at` timestamp NOT NULL DEFAULT '0000-00-00 00:00:00',
  `updated_at` timestamp NOT NULL DEFAULT '0000-00-00 00:00:00',
  PRIMARY KEY (`id`),
  UNIQUE KEY `roles_name_unique` (`name`)
) ENGINE=InnoDB AUTO_INCREMENT=3 DEFAULT CHARSET=utf8 COLLATE=utf8_unicode_ci;
/*!40101 SET character_set_client = @saved_cs_client */;

--
-- Dumping data for table `roles`
--

LOCK TABLES `roles` WRITE;
/*!40000 ALTER TABLE `roles` DISABLE KEYS */;
INSERT INTO `roles` VALUES (1,'Admin','2014-01-28 08:15:35','2014-01-28 08:15:35'),(2,'Volunteer','2014-01-28 08:15:35','2014-01-28 08:15:35');
/*!40000 ALTER TABLE `roles` ENABLE KEYS */;
UNLOCK TABLES;

--
-- Table structure for table `sections`
--

DROP TABLE IF EXISTS `sections`;
/*!40101 SET @saved_cs_client     = @@character_set_client */;
/*!40101 SET character_set_client = utf8 */;
CREATE TABLE `sections` (
  `id` int(10) unsigned NOT NULL AUTO_INCREMENT,
  `created_at` timestamp NOT NULL DEFAULT '0000-00-00 00:00:00',
  `updated_at` timestamp NOT NULL DEFAULT '0000-00-00 00:00:00',
  `name` varchar(255) COLLATE utf8_unicode_ci NOT NULL,
  `location_id` int(10) unsigned NOT NULL,
  PRIMARY KEY (`id`),
  KEY `sections_location_id_index` (`location_id`),
  CONSTRAINT `sections_location_id_foreign` FOREIGN KEY (`location_id`) REFERENCES `locations` (`id`)
) ENGINE=InnoDB AUTO_INCREMENT=13 DEFAULT CHARSET=utf8 COLLATE=utf8_unicode_ci;
/*!40101 SET character_set_client = @saved_cs_client */;

--
-- Dumping data for table `sections`
--

LOCK TABLES `sections` WRITE;
/*!40000 ALTER TABLE `sections` DISABLE KEYS */;
INSERT INTO `sections` VALUES (1,'2014-01-28 08:15:35','2014-01-28 08:15:35','Scripps Pier to Tower 31',1),(2,'2014-01-28 08:15:35','2014-01-28 08:15:35','Tower 31 to Boat Launch',1),(3,'2014-01-28 08:15:35','2014-01-28 08:15:35','Boat Launch to Coastal Access',1),(4,'2014-01-28 08:15:35','2014-01-28 08:15:35','Coast Walk Lookout',1),(5,'2014-01-28 08:15:35','2014-01-28 08:15:35','Point La Jolla / Bridge Club',1),(6,'2014-01-28 08:15:35','2014-01-28 08:15:35','Palomar Street',2),(7,'2014-01-28 08:15:35','2014-01-28 08:15:35','Costa and Chelsea Viewpoint',2),(8,'2014-01-28 08:15:35','2014-01-28 08:15:35','Hermosa Park',2),(9,'2014-01-28 08:15:35','2014-01-28 08:15:35','Forward Street Viewpoint',2),(10,'2014-01-28 08:15:35','2014-01-28 08:15:35','Calumet Park',2),(11,'2014-01-28 08:15:35','2014-01-28 08:15:35','Tourmaline Surf Park',2),(12,'2014-01-28 08:15:35','2014-01-28 08:15:35','Tourmaline to Diamond Street Beach Walk',2);
/*!40000 ALTER TABLE `sections` ENABLE KEYS */;
UNLOCK TABLES;

--
-- Table structure for table `segments`
--

DROP TABLE IF EXISTS `segments`;
/*!40101 SET @saved_cs_client     = @@character_set_client */;
/*!40101 SET character_set_client = utf8 */;
CREATE TABLE `segments` (
  `id` int(10) unsigned NOT NULL AUTO_INCREMENT,
  `created_at` timestamp NOT NULL DEFAULT '0000-00-00 00:00:00',
  `updated_at` timestamp NOT NULL DEFAULT '0000-00-00 00:00:00',
  `start_time` time NOT NULL,
  `end_time` time NOT NULL,
  `patrol_id` int(10) unsigned NOT NULL,
  `section_id` int(10) unsigned NOT NULL,
  PRIMARY KEY (`id`),
  KEY `segments_patrol_id_index` (`patrol_id`),
  KEY `segments_section_id_index` (`section_id`),
  CONSTRAINT `segments_patrol_id_foreign` FOREIGN KEY (`patrol_id`) REFERENCES `patrols` (`id`),
  CONSTRAINT `segments_section_id_foreign` FOREIGN KEY (`section_id`) REFERENCES `sections` (`id`)
) ENGINE=InnoDB AUTO_INCREMENT=21 DEFAULT CHARSET=utf8 COLLATE=utf8_unicode_ci;
/*!40101 SET character_set_client = @saved_cs_client */;

--
-- Dumping data for table `segments`
--

LOCK TABLES `segments` WRITE;
/*!40000 ALTER TABLE `segments` DISABLE KEYS */;
INSERT INTO `segments` VALUES (1,'2014-01-28 08:15:37','2014-01-28 08:15:37','01:15:37','01:15:37',1,4),(2,'2014-01-28 08:15:39','2014-01-28 08:15:39','05:15:37','05:15:37',1,5),(3,'2014-01-28 08:15:41','2014-01-28 08:15:41','06:15:37','06:15:37',1,4),(4,'2014-01-28 08:15:43','2014-01-28 08:15:43','07:15:37','07:15:37',1,3),(5,'2014-01-28 08:15:45','2014-01-28 08:15:45','08:15:37','08:15:37',2,2),(6,'2014-01-28 08:15:49','2014-01-28 08:15:49','09:15:37','09:15:37',2,5),(7,'2014-01-28 08:15:51','2014-01-28 08:15:51','13:15:37','13:15:37',2,3),(8,'2014-01-28 08:15:53','2014-01-28 08:15:53','14:15:37','14:15:37',2,5),(9,'2014-01-28 08:15:55','2014-01-28 08:15:55','18:15:37','18:15:37',3,1),(10,'2014-01-28 08:15:57','2014-01-28 08:15:57','21:15:37','21:15:37',3,4),(11,'2014-01-28 08:16:00','2014-01-28 08:16:00','00:15:37','00:15:37',3,5),(12,'2014-01-28 08:16:02','2014-01-28 08:16:02','01:15:37','01:15:37',3,1),(13,'2014-01-28 08:16:04','2014-01-28 08:16:04','02:15:37','02:15:37',4,10),(14,'2014-01-28 08:16:07','2014-01-28 08:16:07','05:15:37','05:15:37',4,8),(15,'2014-01-28 08:16:10','2014-01-28 08:16:10','06:15:37','06:15:37',4,10),(16,'2014-01-28 08:16:13','2014-01-28 08:16:13','08:15:37','08:15:37',4,8),(17,'2014-01-28 08:16:15','2014-01-28 08:16:15','11:15:37','11:15:37',5,3),(18,'2014-01-28 08:16:17','2014-01-28 08:16:17','13:15:37','13:15:37',5,2),(19,'2014-01-28 08:16:19','2014-01-28 08:16:19','15:15:37','15:15:37',5,1),(20,'2014-01-28 08:16:21','2014-01-28 08:16:21','16:15:37','16:15:37',5,2);
/*!40000 ALTER TABLE `segments` ENABLE KEYS */;
UNLOCK TABLES;

--
-- Table structure for table `tallies`
--

DROP TABLE IF EXISTS `tallies`;
/*!40101 SET @saved_cs_client     = @@character_set_client */;
/*!40101 SET character_set_client = utf8 */;
CREATE TABLE `tallies` (
  `id` int(10) unsigned NOT NULL AUTO_INCREMENT,
  `created_at` timestamp NOT NULL DEFAULT '0000-00-00 00:00:00',
  `updated_at` timestamp NOT NULL DEFAULT '0000-00-00 00:00:00',
  `tally` int(11) NOT NULL,
  `segment_id` int(10) unsigned NOT NULL,
  `field_id` int(10) unsigned NOT NULL,
  PRIMARY KEY (`id`),
  KEY `tallies_segment_id_index` (`segment_id`),
  KEY `tallies_field_id_index` (`field_id`),
  CONSTRAINT `tallies_field_id_foreign` FOREIGN KEY (`field_id`) REFERENCES `fields` (`id`),
  CONSTRAINT `tallies_segment_id_foreign` FOREIGN KEY (`segment_id`) REFERENCES `segments` (`id`)
) ENGINE=InnoDB AUTO_INCREMENT=361 DEFAULT CHARSET=utf8 COLLATE=utf8_unicode_ci;
/*!40101 SET character_set_client = @saved_cs_client */;

--
-- Dumping data for table `tallies`
--

LOCK TABLES `tallies` WRITE;
/*!40000 ALTER TABLE `tallies` DISABLE KEYS */;
INSERT INTO `tallies` VALUES (1,'2014-01-28 08:15:37','2014-01-28 08:15:37',7,1,1),(2,'2014-01-28 08:15:37','2014-01-28 08:15:37',14,1,2),(3,'2014-01-28 08:15:37','2014-01-28 08:15:37',10,1,3),(4,'2014-01-28 08:15:38','2014-01-28 08:15:38',19,1,4),(5,'2014-01-28 08:15:38','2014-01-28 08:15:38',11,1,5),(6,'2014-01-28 08:15:38','2014-01-28 08:15:38',3,1,6),(7,'2014-01-28 08:15:38','2014-01-28 08:15:38',14,1,7),(8,'2014-01-28 08:15:38','2014-01-28 08:15:38',9,1,8),(9,'2014-01-28 08:15:38','2014-01-28 08:15:38',8,1,9),(10,'2014-01-28 08:15:38','2014-01-28 08:15:38',1,1,10),(11,'2014-01-28 08:15:38','2014-01-28 08:15:38',15,1,11),(12,'2014-01-28 08:15:38','2014-01-28 08:15:38',10,1,12),(13,'2014-01-28 08:15:38','2014-01-28 08:15:38',11,1,13),(14,'2014-01-28 08:15:38','2014-01-28 08:15:38',10,1,14),(15,'2014-01-28 08:15:38','2014-01-28 08:15:38',4,1,15),(16,'2014-01-28 08:15:39','2014-01-28 08:15:39',14,1,16),(17,'2014-01-28 08:15:39','2014-01-28 08:15:39',19,1,17),(18,'2014-01-28 08:15:39','2014-01-28 08:15:39',19,1,18),(19,'2014-01-28 08:15:39','2014-01-28 08:15:39',12,2,1),(20,'2014-01-28 08:15:39','2014-01-28 08:15:39',11,2,2),(21,'2014-01-28 08:15:39','2014-01-28 08:15:39',19,2,3),(22,'2014-01-28 08:15:39','2014-01-28 08:15:39',14,2,4),(23,'2014-01-28 08:15:39','2014-01-28 08:15:39',15,2,5),(24,'2014-01-28 08:15:39','2014-01-28 08:15:39',2,2,6),(25,'2014-01-28 08:15:40','2014-01-28 08:15:40',9,2,7),(26,'2014-01-28 08:15:40','2014-01-28 08:15:40',20,2,8),(27,'2014-01-28 08:15:40','2014-01-28 08:15:40',4,2,9),(28,'2014-01-28 08:15:40','2014-01-28 08:15:40',2,2,10),(29,'2014-01-28 08:15:40','2014-01-28 08:15:40',1,2,11),(30,'2014-01-28 08:15:40','2014-01-28 08:15:40',10,2,12),(31,'2014-01-28 08:15:40','2014-01-28 08:15:40',16,2,13),(32,'2014-01-28 08:15:40','2014-01-28 08:15:40',11,2,14),(33,'2014-01-28 08:15:40','2014-01-28 08:15:40',9,2,15),(34,'2014-01-28 08:15:40','2014-01-28 08:15:40',7,2,16),(35,'2014-01-28 08:15:41','2014-01-28 08:15:41',13,2,17),(36,'2014-01-28 08:15:41','2014-01-28 08:15:41',2,2,18),(37,'2014-01-28 08:15:41','2014-01-28 08:15:41',3,3,1),(38,'2014-01-28 08:15:41','2014-01-28 08:15:41',9,3,2),(39,'2014-01-28 08:15:41','2014-01-28 08:15:41',10,3,3),(40,'2014-01-28 08:15:41','2014-01-28 08:15:41',13,3,4),(41,'2014-01-28 08:15:41','2014-01-28 08:15:41',19,3,5),(42,'2014-01-28 08:15:41','2014-01-28 08:15:41',14,3,6),(43,'2014-01-28 08:15:42','2014-01-28 08:15:42',7,3,7),(44,'2014-01-28 08:15:42','2014-01-28 08:15:42',18,3,8),(45,'2014-01-28 08:15:42','2014-01-28 08:15:42',13,3,9),(46,'2014-01-28 08:15:42','2014-01-28 08:15:42',6,3,10),(47,'2014-01-28 08:15:42','2014-01-28 08:15:42',16,3,11),(48,'2014-01-28 08:15:42','2014-01-28 08:15:42',4,3,12),(49,'2014-01-28 08:15:42','2014-01-28 08:15:42',16,3,13),(50,'2014-01-28 08:15:42','2014-01-28 08:15:42',15,3,14),(51,'2014-01-28 08:15:42','2014-01-28 08:15:42',17,3,15),(52,'2014-01-28 08:15:43','2014-01-28 08:15:43',11,3,16),(53,'2014-01-28 08:15:43','2014-01-28 08:15:43',17,3,17),(54,'2014-01-28 08:15:43','2014-01-28 08:15:43',6,3,18),(55,'2014-01-28 08:15:43','2014-01-28 08:15:43',8,4,1),(56,'2014-01-28 08:15:43','2014-01-28 08:15:43',11,4,2),(57,'2014-01-28 08:15:43','2014-01-28 08:15:43',11,4,3),(58,'2014-01-28 08:15:43','2014-01-28 08:15:43',4,4,4),(59,'2014-01-28 08:15:43','2014-01-28 08:15:43',1,4,5),(60,'2014-01-28 08:15:44','2014-01-28 08:15:44',19,4,6),(61,'2014-01-28 08:15:44','2014-01-28 08:15:44',10,4,7),(62,'2014-01-28 08:15:44','2014-01-28 08:15:44',14,4,8),(63,'2014-01-28 08:15:44','2014-01-28 08:15:44',1,4,9),(64,'2014-01-28 08:15:44','2014-01-28 08:15:44',4,4,10),(65,'2014-01-28 08:15:44','2014-01-28 08:15:44',14,4,11),(66,'2014-01-28 08:15:44','2014-01-28 08:15:44',3,4,12),(67,'2014-01-28 08:15:44','2014-01-28 08:15:44',13,4,13),(68,'2014-01-28 08:15:44','2014-01-28 08:15:44',4,4,14),(69,'2014-01-28 08:15:45','2014-01-28 08:15:45',16,4,15),(70,'2014-01-28 08:15:45','2014-01-28 08:15:45',11,4,16),(71,'2014-01-28 08:15:45','2014-01-28 08:15:45',17,4,17),(72,'2014-01-28 08:15:45','2014-01-28 08:15:45',2,4,18),(73,'2014-01-28 08:15:46','2014-01-28 08:15:46',12,5,1),(74,'2014-01-28 08:15:46','2014-01-28 08:15:46',3,5,2),(75,'2014-01-28 08:15:46','2014-01-28 08:15:46',18,5,3),(76,'2014-01-28 08:15:46','2014-01-28 08:15:46',9,5,4),(77,'2014-01-28 08:15:47','2014-01-28 08:15:47',14,5,5),(78,'2014-01-28 08:15:47','2014-01-28 08:15:47',14,5,6),(79,'2014-01-28 08:15:47','2014-01-28 08:15:47',14,5,7),(80,'2014-01-28 08:15:47','2014-01-28 08:15:47',4,5,8),(81,'2014-01-28 08:15:47','2014-01-28 08:15:47',14,5,9),(82,'2014-01-28 08:15:47','2014-01-28 08:15:47',1,5,10),(83,'2014-01-28 08:15:48','2014-01-28 08:15:48',14,5,11),(84,'2014-01-28 08:15:48','2014-01-28 08:15:48',4,5,12),(85,'2014-01-28 08:15:48','2014-01-28 08:15:48',4,5,13),(86,'2014-01-28 08:15:48','2014-01-28 08:15:48',15,5,14),(87,'2014-01-28 08:15:48','2014-01-28 08:15:48',3,5,15),(88,'2014-01-28 08:15:48','2014-01-28 08:15:48',14,5,16),(89,'2014-01-28 08:15:48','2014-01-28 08:15:48',8,5,17),(90,'2014-01-28 08:15:49','2014-01-28 08:15:49',3,5,18),(91,'2014-01-28 08:15:49','2014-01-28 08:15:49',6,6,1),(92,'2014-01-28 08:15:49','2014-01-28 08:15:49',10,6,2),(93,'2014-01-28 08:15:49','2014-01-28 08:15:49',5,6,3),(94,'2014-01-28 08:15:49','2014-01-28 08:15:49',2,6,4),(95,'2014-01-28 08:15:49','2014-01-28 08:15:49',1,6,5),(96,'2014-01-28 08:15:49','2014-01-28 08:15:49',1,6,6),(97,'2014-01-28 08:15:50','2014-01-28 08:15:50',4,6,7),(98,'2014-01-28 08:15:50','2014-01-28 08:15:50',9,6,8),(99,'2014-01-28 08:15:50','2014-01-28 08:15:50',9,6,9),(100,'2014-01-28 08:15:50','2014-01-28 08:15:50',11,6,10),(101,'2014-01-28 08:15:50','2014-01-28 08:15:50',13,6,11),(102,'2014-01-28 08:15:50','2014-01-28 08:15:50',1,6,12),(103,'2014-01-28 08:15:50','2014-01-28 08:15:50',14,6,13),(104,'2014-01-28 08:15:50','2014-01-28 08:15:50',10,6,14),(105,'2014-01-28 08:15:50','2014-01-28 08:15:50',9,6,15),(106,'2014-01-28 08:15:51','2014-01-28 08:15:51',7,6,16),(107,'2014-01-28 08:15:51','2014-01-28 08:15:51',4,6,17),(108,'2014-01-28 08:15:51','2014-01-28 08:15:51',3,6,18),(109,'2014-01-28 08:15:51','2014-01-28 08:15:51',4,7,1),(110,'2014-01-28 08:15:51','2014-01-28 08:15:51',5,7,2),(111,'2014-01-28 08:15:51','2014-01-28 08:15:51',2,7,3),(112,'2014-01-28 08:15:52','2014-01-28 08:15:52',8,7,4),(113,'2014-01-28 08:15:52','2014-01-28 08:15:52',19,7,5),(114,'2014-01-28 08:15:52','2014-01-28 08:15:52',5,7,6),(115,'2014-01-28 08:15:52','2014-01-28 08:15:52',1,7,7),(116,'2014-01-28 08:15:52','2014-01-28 08:15:52',7,7,8),(117,'2014-01-28 08:15:52','2014-01-28 08:15:52',8,7,9),(118,'2014-01-28 08:15:52','2014-01-28 08:15:52',18,7,10),(119,'2014-01-28 08:15:52','2014-01-28 08:15:52',8,7,11),(120,'2014-01-28 08:15:52','2014-01-28 08:15:52',14,7,12),(121,'2014-01-28 08:15:52','2014-01-28 08:15:52',8,7,13),(122,'2014-01-28 08:15:53','2014-01-28 08:15:53',12,7,14),(123,'2014-01-28 08:15:53','2014-01-28 08:15:53',15,7,15),(124,'2014-01-28 08:15:53','2014-01-28 08:15:53',9,7,16),(125,'2014-01-28 08:15:53','2014-01-28 08:15:53',13,7,17),(126,'2014-01-28 08:15:53','2014-01-28 08:15:53',18,7,18),(127,'2014-01-28 08:15:53','2014-01-28 08:15:53',8,8,1),(128,'2014-01-28 08:15:53','2014-01-28 08:15:53',10,8,2),(129,'2014-01-28 08:15:53','2014-01-28 08:15:53',2,8,3),(130,'2014-01-28 08:15:54','2014-01-28 08:15:54',2,8,4),(131,'2014-01-28 08:15:54','2014-01-28 08:15:54',20,8,5),(132,'2014-01-28 08:15:54','2014-01-28 08:15:54',11,8,6),(133,'2014-01-28 08:15:54','2014-01-28 08:15:54',9,8,7),(134,'2014-01-28 08:15:54','2014-01-28 08:15:54',4,8,8),(135,'2014-01-28 08:15:54','2014-01-28 08:15:54',13,8,9),(136,'2014-01-28 08:15:54','2014-01-28 08:15:54',19,8,10),(137,'2014-01-28 08:15:54','2014-01-28 08:15:54',2,8,11),(138,'2014-01-28 08:15:55','2014-01-28 08:15:55',17,8,12),(139,'2014-01-28 08:15:55','2014-01-28 08:15:55',3,8,13),(140,'2014-01-28 08:15:55','2014-01-28 08:15:55',4,8,14),(141,'2014-01-28 08:15:55','2014-01-28 08:15:55',4,8,15),(142,'2014-01-28 08:15:55','2014-01-28 08:15:55',2,8,16),(143,'2014-01-28 08:15:55','2014-01-28 08:15:55',8,8,17),(144,'2014-01-28 08:15:55','2014-01-28 08:15:55',5,8,18),(145,'2014-01-28 08:15:55','2014-01-28 08:15:55',8,9,1),(146,'2014-01-28 08:15:56','2014-01-28 08:15:56',10,9,2),(147,'2014-01-28 08:15:56','2014-01-28 08:15:56',8,9,3),(148,'2014-01-28 08:15:56','2014-01-28 08:15:56',3,9,4),(149,'2014-01-28 08:15:56','2014-01-28 08:15:56',19,9,5),(150,'2014-01-28 08:15:56','2014-01-28 08:15:56',20,9,6),(151,'2014-01-28 08:15:56','2014-01-28 08:15:56',20,9,7),(152,'2014-01-28 08:15:56','2014-01-28 08:15:56',17,9,8),(153,'2014-01-28 08:15:56','2014-01-28 08:15:56',1,9,9),(154,'2014-01-28 08:15:56','2014-01-28 08:15:56',8,9,10),(155,'2014-01-28 08:15:56','2014-01-28 08:15:56',7,9,11),(156,'2014-01-28 08:15:57','2014-01-28 08:15:57',3,9,12),(157,'2014-01-28 08:15:57','2014-01-28 08:15:57',9,9,13),(158,'2014-01-28 08:15:57','2014-01-28 08:15:57',7,9,14),(159,'2014-01-28 08:15:57','2014-01-28 08:15:57',13,9,15),(160,'2014-01-28 08:15:57','2014-01-28 08:15:57',18,9,16),(161,'2014-01-28 08:15:57','2014-01-28 08:15:57',10,9,17),(162,'2014-01-28 08:15:57','2014-01-28 08:15:57',6,9,18),(163,'2014-01-28 08:15:57','2014-01-28 08:15:57',3,10,1),(164,'2014-01-28 08:15:58','2014-01-28 08:15:58',19,10,2),(165,'2014-01-28 08:15:58','2014-01-28 08:15:58',15,10,3),(166,'2014-01-28 08:15:58','2014-01-28 08:15:58',6,10,4),(167,'2014-01-28 08:15:58','2014-01-28 08:15:58',1,10,5),(168,'2014-01-28 08:15:58','2014-01-28 08:15:58',2,10,6),(169,'2014-01-28 08:15:58','2014-01-28 08:15:58',10,10,7),(170,'2014-01-28 08:15:58','2014-01-28 08:15:58',8,10,8),(171,'2014-01-28 08:15:59','2014-01-28 08:15:59',17,10,9),(172,'2014-01-28 08:15:59','2014-01-28 08:15:59',12,10,10),(173,'2014-01-28 08:15:59','2014-01-28 08:15:59',4,10,11),(174,'2014-01-28 08:15:59','2014-01-28 08:15:59',5,10,12),(175,'2014-01-28 08:15:59','2014-01-28 08:15:59',2,10,13),(176,'2014-01-28 08:15:59','2014-01-28 08:15:59',11,10,14),(177,'2014-01-28 08:15:59','2014-01-28 08:15:59',7,10,15),(178,'2014-01-28 08:16:00','2014-01-28 08:16:00',1,10,16),(179,'2014-01-28 08:16:00','2014-01-28 08:16:00',11,10,17),(180,'2014-01-28 08:16:00','2014-01-28 08:16:00',7,10,18),(181,'2014-01-28 08:16:00','2014-01-28 08:16:00',15,11,1),(182,'2014-01-28 08:16:00','2014-01-28 08:16:00',4,11,2),(183,'2014-01-28 08:16:00','2014-01-28 08:16:00',14,11,3),(184,'2014-01-28 08:16:00','2014-01-28 08:16:00',4,11,4),(185,'2014-01-28 08:16:01','2014-01-28 08:16:01',10,11,5),(186,'2014-01-28 08:16:01','2014-01-28 08:16:01',7,11,6),(187,'2014-01-28 08:16:01','2014-01-28 08:16:01',1,11,7),(188,'2014-01-28 08:16:01','2014-01-28 08:16:01',20,11,8),(189,'2014-01-28 08:16:01','2014-01-28 08:16:01',13,11,9),(190,'2014-01-28 08:16:01','2014-01-28 08:16:01',16,11,10),(191,'2014-01-28 08:16:01','2014-01-28 08:16:01',11,11,11),(192,'2014-01-28 08:16:01','2014-01-28 08:16:01',15,11,12),(193,'2014-01-28 08:16:01','2014-01-28 08:16:01',15,11,13),(194,'2014-01-28 08:16:01','2014-01-28 08:16:01',5,11,14),(195,'2014-01-28 08:16:02','2014-01-28 08:16:02',1,11,15),(196,'2014-01-28 08:16:02','2014-01-28 08:16:02',15,11,16),(197,'2014-01-28 08:16:02','2014-01-28 08:16:02',7,11,17),(198,'2014-01-28 08:16:02','2014-01-28 08:16:02',10,11,18),(199,'2014-01-28 08:16:02','2014-01-28 08:16:02',2,12,1),(200,'2014-01-28 08:16:02','2014-01-28 08:16:02',6,12,2),(201,'2014-01-28 08:16:02','2014-01-28 08:16:02',8,12,3),(202,'2014-01-28 08:16:02','2014-01-28 08:16:02',4,12,4),(203,'2014-01-28 08:16:03','2014-01-28 08:16:03',17,12,5),(204,'2014-01-28 08:16:03','2014-01-28 08:16:03',14,12,6),(205,'2014-01-28 08:16:03','2014-01-28 08:16:03',5,12,7),(206,'2014-01-28 08:16:03','2014-01-28 08:16:03',7,12,8),(207,'2014-01-28 08:16:03','2014-01-28 08:16:03',1,12,9),(208,'2014-01-28 08:16:03','2014-01-28 08:16:03',2,12,10),(209,'2014-01-28 08:16:03','2014-01-28 08:16:03',19,12,11),(210,'2014-01-28 08:16:03','2014-01-28 08:16:03',15,12,12),(211,'2014-01-28 08:16:03','2014-01-28 08:16:03',5,12,13),(212,'2014-01-28 08:16:03','2014-01-28 08:16:03',12,12,14),(213,'2014-01-28 08:16:03','2014-01-28 08:16:03',18,12,15),(214,'2014-01-28 08:16:04','2014-01-28 08:16:04',15,12,16),(215,'2014-01-28 08:16:04','2014-01-28 08:16:04',19,12,17),(216,'2014-01-28 08:16:04','2014-01-28 08:16:04',18,12,18),(217,'2014-01-28 08:16:04','2014-01-28 08:16:04',6,13,1),(218,'2014-01-28 08:16:06','2014-01-28 08:16:06',8,13,2),(219,'2014-01-28 08:16:06','2014-01-28 08:16:06',9,13,3),(220,'2014-01-28 08:16:06','2014-01-28 08:16:06',6,13,4),(221,'2014-01-28 08:16:06','2014-01-28 08:16:06',2,13,5),(222,'2014-01-28 08:16:06','2014-01-28 08:16:06',15,13,6),(223,'2014-01-28 08:16:06','2014-01-28 08:16:06',16,13,7),(224,'2014-01-28 08:16:06','2014-01-28 08:16:06',4,13,8),(225,'2014-01-28 08:16:06','2014-01-28 08:16:06',17,13,9),(226,'2014-01-28 08:16:07','2014-01-28 08:16:07',18,13,10),(227,'2014-01-28 08:16:07','2014-01-28 08:16:07',10,13,11),(228,'2014-01-28 08:16:07','2014-01-28 08:16:07',5,13,12),(229,'2014-01-28 08:16:07','2014-01-28 08:16:07',1,13,13),(230,'2014-01-28 08:16:07','2014-01-28 08:16:07',6,13,14),(231,'2014-01-28 08:16:07','2014-01-28 08:16:07',19,13,15),(232,'2014-01-28 08:16:07','2014-01-28 08:16:07',6,13,16),(233,'2014-01-28 08:16:07','2014-01-28 08:16:07',13,13,17),(234,'2014-01-28 08:16:07','2014-01-28 08:16:07',19,13,18),(235,'2014-01-28 08:16:08','2014-01-28 08:16:08',14,14,1),(236,'2014-01-28 08:16:08','2014-01-28 08:16:08',12,14,2),(237,'2014-01-28 08:16:08','2014-01-28 08:16:08',3,14,3),(238,'2014-01-28 08:16:08','2014-01-28 08:16:08',11,14,4),(239,'2014-01-28 08:16:08','2014-01-28 08:16:08',7,14,5),(240,'2014-01-28 08:16:08','2014-01-28 08:16:08',2,14,6),(241,'2014-01-28 08:16:08','2014-01-28 08:16:08',9,14,7),(242,'2014-01-28 08:16:08','2014-01-28 08:16:08',20,14,8),(243,'2014-01-28 08:16:08','2014-01-28 08:16:08',13,14,9),(244,'2014-01-28 08:16:08','2014-01-28 08:16:08',2,14,10),(245,'2014-01-28 08:16:09','2014-01-28 08:16:09',4,14,11),(246,'2014-01-28 08:16:09','2014-01-28 08:16:09',18,14,12),(247,'2014-01-28 08:16:09','2014-01-28 08:16:09',9,14,13),(248,'2014-01-28 08:16:09','2014-01-28 08:16:09',12,14,14),(249,'2014-01-28 08:16:09','2014-01-28 08:16:09',3,14,15),(250,'2014-01-28 08:16:09','2014-01-28 08:16:09',11,14,16),(251,'2014-01-28 08:16:09','2014-01-28 08:16:09',6,14,17),(252,'2014-01-28 08:16:09','2014-01-28 08:16:09',19,14,18),(253,'2014-01-28 08:16:10','2014-01-28 08:16:10',16,15,1),(254,'2014-01-28 08:16:10','2014-01-28 08:16:10',4,15,2),(255,'2014-01-28 08:16:10','2014-01-28 08:16:10',7,15,3),(256,'2014-01-28 08:16:11','2014-01-28 08:16:11',17,15,4),(257,'2014-01-28 08:16:11','2014-01-28 08:16:11',9,15,5),(258,'2014-01-28 08:16:11','2014-01-28 08:16:11',5,15,6),(259,'2014-01-28 08:16:11','2014-01-28 08:16:11',2,15,7),(260,'2014-01-28 08:16:11','2014-01-28 08:16:11',2,15,8),(261,'2014-01-28 08:16:12','2014-01-28 08:16:12',4,15,9),(262,'2014-01-28 08:16:12','2014-01-28 08:16:12',9,15,10),(263,'2014-01-28 08:16:12','2014-01-28 08:16:12',13,15,11),(264,'2014-01-28 08:16:12','2014-01-28 08:16:12',17,15,12),(265,'2014-01-28 08:16:12','2014-01-28 08:16:12',1,15,13),(266,'2014-01-28 08:16:12','2014-01-28 08:16:12',16,15,14),(267,'2014-01-28 08:16:12','2014-01-28 08:16:12',7,15,15),(268,'2014-01-28 08:16:12','2014-01-28 08:16:12',7,15,16),(269,'2014-01-28 08:16:12','2014-01-28 08:16:12',17,15,17),(270,'2014-01-28 08:16:13','2014-01-28 08:16:13',15,15,18),(271,'2014-01-28 08:16:13','2014-01-28 08:16:13',17,16,1),(272,'2014-01-28 08:16:13','2014-01-28 08:16:13',10,16,2),(273,'2014-01-28 08:16:13','2014-01-28 08:16:13',7,16,3),(274,'2014-01-28 08:16:13','2014-01-28 08:16:13',5,16,4),(275,'2014-01-28 08:16:13','2014-01-28 08:16:13',2,16,5),(276,'2014-01-28 08:16:13','2014-01-28 08:16:13',10,16,6),(277,'2014-01-28 08:16:13','2014-01-28 08:16:13',15,16,7),(278,'2014-01-28 08:16:13','2014-01-28 08:16:13',7,16,8),(279,'2014-01-28 08:16:14','2014-01-28 08:16:14',8,16,9),(280,'2014-01-28 08:16:14','2014-01-28 08:16:14',9,16,10),(281,'2014-01-28 08:16:14','2014-01-28 08:16:14',10,16,11),(282,'2014-01-28 08:16:14','2014-01-28 08:16:14',3,16,12),(283,'2014-01-28 08:16:14','2014-01-28 08:16:14',12,16,13),(284,'2014-01-28 08:16:14','2014-01-28 08:16:14',16,16,14),(285,'2014-01-28 08:16:14','2014-01-28 08:16:14',19,16,15),(286,'2014-01-28 08:16:14','2014-01-28 08:16:14',1,16,16),(287,'2014-01-28 08:16:15','2014-01-28 08:16:15',1,16,17),(288,'2014-01-28 08:16:15','2014-01-28 08:16:15',1,16,18),(289,'2014-01-28 08:16:15','2014-01-28 08:16:15',1,17,1),(290,'2014-01-28 08:16:15','2014-01-28 08:16:15',10,17,2),(291,'2014-01-28 08:16:15','2014-01-28 08:16:15',10,17,3),(292,'2014-01-28 08:16:15','2014-01-28 08:16:15',8,17,4),(293,'2014-01-28 08:16:15','2014-01-28 08:16:15',17,17,5),(294,'2014-01-28 08:16:16','2014-01-28 08:16:16',7,17,6),(295,'2014-01-28 08:16:16','2014-01-28 08:16:16',3,17,7),(296,'2014-01-28 08:16:16','2014-01-28 08:16:16',4,17,8),(297,'2014-01-28 08:16:16','2014-01-28 08:16:16',16,17,9),(298,'2014-01-28 08:16:16','2014-01-28 08:16:16',19,17,10),(299,'2014-01-28 08:16:16','2014-01-28 08:16:16',14,17,11),(300,'2014-01-28 08:16:16','2014-01-28 08:16:16',3,17,12),(301,'2014-01-28 08:16:16','2014-01-28 08:16:16',4,17,13),(302,'2014-01-28 08:16:16','2014-01-28 08:16:16',15,17,14),(303,'2014-01-28 08:16:17','2014-01-28 08:16:17',12,17,15),(304,'2014-01-28 08:16:17','2014-01-28 08:16:17',19,17,16),(305,'2014-01-28 08:16:17','2014-01-28 08:16:17',1,17,17),(306,'2014-01-28 08:16:17','2014-01-28 08:16:17',20,17,18),(307,'2014-01-28 08:16:17','2014-01-28 08:16:17',3,18,1),(308,'2014-01-28 08:16:17','2014-01-28 08:16:17',19,18,2),(309,'2014-01-28 08:16:17','2014-01-28 08:16:17',6,18,3),(310,'2014-01-28 08:16:17','2014-01-28 08:16:17',2,18,4),(311,'2014-01-28 08:16:18','2014-01-28 08:16:18',19,18,5),(312,'2014-01-28 08:16:18','2014-01-28 08:16:18',7,18,6),(313,'2014-01-28 08:16:18','2014-01-28 08:16:18',2,18,7),(314,'2014-01-28 08:16:18','2014-01-28 08:16:18',1,18,8),(315,'2014-01-28 08:16:18','2014-01-28 08:16:18',11,18,9),(316,'2014-01-28 08:16:18','2014-01-28 08:16:18',12,18,10),(317,'2014-01-28 08:16:18','2014-01-28 08:16:18',15,18,11),(318,'2014-01-28 08:16:18','2014-01-28 08:16:18',12,18,12),(319,'2014-01-28 08:16:18','2014-01-28 08:16:18',2,18,13),(320,'2014-01-28 08:16:18','2014-01-28 08:16:18',5,18,14),(321,'2014-01-28 08:16:19','2014-01-28 08:16:19',20,18,15),(322,'2014-01-28 08:16:19','2014-01-28 08:16:19',18,18,16),(323,'2014-01-28 08:16:19','2014-01-28 08:16:19',12,18,17),(324,'2014-01-28 08:16:19','2014-01-28 08:16:19',2,18,18),(325,'2014-01-28 08:16:19','2014-01-28 08:16:19',1,19,1),(326,'2014-01-28 08:16:19','2014-01-28 08:16:19',15,19,2),(327,'2014-01-28 08:16:19','2014-01-28 08:16:19',10,19,3),(328,'2014-01-28 08:16:19','2014-01-28 08:16:19',4,19,4),(329,'2014-01-28 08:16:20','2014-01-28 08:16:20',9,19,5),(330,'2014-01-28 08:16:20','2014-01-28 08:16:20',2,19,6),(331,'2014-01-28 08:16:20','2014-01-28 08:16:20',3,19,7),(332,'2014-01-28 08:16:20','2014-01-28 08:16:20',10,19,8),(333,'2014-01-28 08:16:20','2014-01-28 08:16:20',1,19,9),(334,'2014-01-28 08:16:20','2014-01-28 08:16:20',10,19,10),(335,'2014-01-28 08:16:20','2014-01-28 08:16:20',19,19,11),(336,'2014-01-28 08:16:20','2014-01-28 08:16:20',4,19,12),(337,'2014-01-28 08:16:20','2014-01-28 08:16:20',8,19,13),(338,'2014-01-28 08:16:21','2014-01-28 08:16:21',5,19,14),(339,'2014-01-28 08:16:21','2014-01-28 08:16:21',5,19,15),(340,'2014-01-28 08:16:21','2014-01-28 08:16:21',7,19,16),(341,'2014-01-28 08:16:21','2014-01-28 08:16:21',12,19,17),(342,'2014-01-28 08:16:21','2014-01-28 08:16:21',7,19,18),(343,'2014-01-28 08:16:21','2014-01-28 08:16:21',18,20,1),(344,'2014-01-28 08:16:21','2014-01-28 08:16:21',2,20,2),(345,'2014-01-28 08:16:21','2014-01-28 08:16:21',14,20,3),(346,'2014-01-28 08:16:22','2014-01-28 08:16:22',19,20,4),(347,'2014-01-28 08:16:22','2014-01-28 08:16:22',7,20,5),(348,'2014-01-28 08:16:22','2014-01-28 08:16:22',13,20,6),(349,'2014-01-28 08:16:22','2014-01-28 08:16:22',17,20,7),(350,'2014-01-28 08:16:22','2014-01-28 08:16:22',18,20,8),(351,'2014-01-28 08:16:23','2014-01-28 08:16:23',15,20,9),(352,'2014-01-28 08:16:23','2014-01-28 08:16:23',18,20,10),(353,'2014-01-28 08:16:23','2014-01-28 08:16:23',5,20,11),(354,'2014-01-28 08:16:23','2014-01-28 08:16:23',15,20,12),(355,'2014-01-28 08:16:23','2014-01-28 08:16:23',13,20,13),(356,'2014-01-28 08:16:23','2014-01-28 08:16:23',15,20,14),(357,'2014-01-28 08:16:24','2014-01-28 08:16:24',19,20,15),(358,'2014-01-28 08:16:24','2014-01-28 08:16:24',1,20,16),(359,'2014-01-28 08:16:24','2014-01-28 08:16:24',16,20,17),(360,'2014-01-28 08:16:24','2014-01-28 08:16:24',1,20,18);
/*!40000 ALTER TABLE `tallies` ENABLE KEYS */;
UNLOCK TABLES;

--
-- Table structure for table `users`
--

DROP TABLE IF EXISTS `users`;
/*!40101 SET @saved_cs_client     = @@character_set_client */;
/*!40101 SET character_set_client = utf8 */;
CREATE TABLE `users` (
  `id` int(10) unsigned NOT NULL AUTO_INCREMENT,
  `created_at` timestamp NOT NULL DEFAULT '0000-00-00 00:00:00',
  `updated_at` timestamp NOT NULL DEFAULT '0000-00-00 00:00:00',
  `first_name` varchar(50) COLLATE utf8_unicode_ci NOT NULL,
  `last_name` varchar(50) COLLATE utf8_unicode_ci NOT NULL,
  `username` varchar(50) COLLATE utf8_unicode_ci NOT NULL,
  `email` varchar(50) COLLATE utf8_unicode_ci NOT NULL,
  `password` varchar(64) COLLATE utf8_unicode_ci NOT NULL,
  `confirmation_code` varchar(255) COLLATE utf8_unicode_ci NOT NULL,
  `confirmed` tinyint(1) NOT NULL DEFAULT '0',
  PRIMARY KEY (`id`),
  UNIQUE KEY `users_username_unique` (`username`)
) ENGINE=InnoDB AUTO_INCREMENT=3 DEFAULT CHARSET=utf8 COLLATE=utf8_unicode_ci;
/*!40101 SET character_set_client = @saved_cs_client */;

--
-- Dumping data for table `users`
--

LOCK TABLES `users` WRITE;
/*!40000 ALTER TABLE `users` DISABLE KEYS */;
INSERT INTO `users` VALUES (1,'2014-01-28 08:15:36','2014-01-28 08:15:36','Iam','Admin','ck','admin@ck.com','$2y$10$c2o52oZHwmAgGDyrEL6Ax.cdhc6PYFmwJ/V/oV6g4eyK775xvC7G2','',0),(2,'2014-01-28 08:15:36','2014-01-28 08:15:36','Jane','Doe','user','girl@ck.com','$2y$10$c2o52oZHwmAgGDyrEL6Ax.cdhc6PYFmwJ/V/oV6g4eyK775xvC7G2','',0);
/*!40000 ALTER TABLE `users` ENABLE KEYS */;
UNLOCK TABLES;
/*!40103 SET TIME_ZONE=@OLD_TIME_ZONE */;

/*!40101 SET SQL_MODE=@OLD_SQL_MODE */;
/*!40014 SET FOREIGN_KEY_CHECKS=@OLD_FOREIGN_KEY_CHECKS */;
/*!40014 SET UNIQUE_CHECKS=@OLD_UNIQUE_CHECKS */;
/*!40101 SET CHARACTER_SET_CLIENT=@OLD_CHARACTER_SET_CLIENT */;
/*!40101 SET CHARACTER_SET_RESULTS=@OLD_CHARACTER_SET_RESULTS */;
/*!40101 SET COLLATION_CONNECTION=@OLD_COLLATION_CONNECTION */;
/*!40111 SET SQL_NOTES=@OLD_SQL_NOTES */;

-- Dump completed on 2014-01-28  2:13:07
