-- phpMyAdmin SQL Dump
-- version 3.4.11.1
-- http://www.phpmyadmin.net
--
-- Host: localhost
-- Generation Time: Apr 18, 2013 at 01:35 PM
-- Server version: 5.5.30
-- PHP Version: 5.2.17

SET SQL_MODE="NO_AUTO_VALUE_ON_ZERO";
SET time_zone = "+00:00";


/*!40101 SET @OLD_CHARACTER_SET_CLIENT=@@CHARACTER_SET_CLIENT */;
/*!40101 SET @OLD_CHARACTER_SET_RESULTS=@@CHARACTER_SET_RESULTS */;
/*!40101 SET @OLD_COLLATION_CONNECTION=@@COLLATION_CONNECTION */;
/*!40101 SET NAMES utf8 */;

--
-- Database: `mpawatch_coastkeeper`
--

-- --------------------------------------------------------

--
-- Table structure for table `coastkeeper_datasheet`
--

DROP TABLE IF EXISTS `coastkeeper_datasheet`;
CREATE TABLE IF NOT EXISTS `coastkeeper_datasheet` (
  `id` int(11) NOT NULL AUTO_INCREMENT,
  `name` varchar(255) NOT NULL,
  PRIMARY KEY (`id`)
) ENGINE=MyISAM  DEFAULT CHARSET=utf8 AUTO_INCREMENT=2 ;

--
-- Dumping data for table `coastkeeper_datasheet`
--

INSERT INTO `coastkeeper_datasheet` (`id`, `name`) VALUES
(1, 'Coastkeeper Datasheet');

-- --------------------------------------------------------

--
-- Table structure for table `coastkeeper_datasheet_category`
--

DROP TABLE IF EXISTS `coastkeeper_datasheet_category`;
CREATE TABLE IF NOT EXISTS `coastkeeper_datasheet_category` (
  `id` int(11) NOT NULL AUTO_INCREMENT,
  `coastkeeper_datasheet_id` int(11) NOT NULL,
  `name` varchar(255) NOT NULL,
  PRIMARY KEY (`id`)
) ENGINE=MyISAM  DEFAULT CHARSET=utf8 AUTO_INCREMENT=4 ;

--
-- Dumping data for table `coastkeeper_datasheet_category`
--

INSERT INTO `coastkeeper_datasheet_category` (`id`, `coastkeeper_datasheet_id`, `name`) VALUES
(1, 1, 'Beach Uses'),
(2, 1, 'Ocean Uses'),
(3, 1, 'General Pollution Issues');

-- --------------------------------------------------------

--
-- Table structure for table `coastkeeper_datasheet_entry`
--

DROP TABLE IF EXISTS `coastkeeper_datasheet_entry`;
CREATE TABLE IF NOT EXISTS `coastkeeper_datasheet_entry` (
  `id` int(11) NOT NULL AUTO_INCREMENT,
  `coastkeeper_datasheet_category_id` int(11) NOT NULL,
  `name` varchar(255) NOT NULL,
  `use_report` smallint(1) NOT NULL DEFAULT '0',
  PRIMARY KEY (`id`)
) ENGINE=MyISAM  DEFAULT CHARSET=utf8 AUTO_INCREMENT=19 ;

--
-- Dumping data for table `coastkeeper_datasheet_entry`
--

INSERT INTO `coastkeeper_datasheet_entry` (`id`, `coastkeeper_datasheet_category_id`, `name`, `use_report`) VALUES
(1, 1, 'Resting Leisure', 0),
(2, 1, 'Active or Sporting Leisure', 0),
(3, 1, 'Walking or Running', 0),
(4, 1, 'Picnic or Grilling', 0),
(5, 1, 'Domestic Animals', 0),
(6, 2, 'Surfing or Swimming', 0),
(7, 2, 'ACTIVE Shore Fishing', 0),
(8, 2, 'Recreational Boating', 0),
(9, 2, 'Commercial Boating', 0),
(10, 2, 'ACTIVE Commercial Boating', 0),
(11, 2, 'ACTIVE Recreational Boat Fishing', 0),
(12, 2, 'Diving', 0),
(13, 2, 'Kelp Harvesting', 0),
(14, 3, 'Runoff', 1),
(15, 3, 'Open Dumpster', 0),
(16, 3, 'Cigarette Butts', 0),
(17, 3, 'Animal Droppings', 0),
(18, 3, 'Litter', 0);

-- --------------------------------------------------------

--
-- Table structure for table `coastkeeper_location`
--

DROP TABLE IF EXISTS `coastkeeper_location`;
CREATE TABLE IF NOT EXISTS `coastkeeper_location` (
  `id` int(11) NOT NULL AUTO_INCREMENT,
  `name` varchar(255) NOT NULL,
  `coastkeeper_datasheet_id` int(11) DEFAULT NULL,
  PRIMARY KEY (`id`)
) ENGINE=MyISAM  DEFAULT CHARSET=utf8 AUTO_INCREMENT=3 ;

--
-- Dumping data for table `coastkeeper_location`
--

INSERT INTO `coastkeeper_location` (`id`, `name`, `coastkeeper_datasheet_id`) VALUES
(1, 'Matlahuayl SMR', 1),
(2, 'South La Jolla SMR', 1);

-- --------------------------------------------------------

--
-- Table structure for table `coastkeeper_patrol`
--

DROP TABLE IF EXISTS `coastkeeper_patrol`;
CREATE TABLE IF NOT EXISTS `coastkeeper_patrol` (
  `id` int(11) NOT NULL AUTO_INCREMENT,
  `coastkeeper_volunteer_id` int(11) NOT NULL,
  `coastkeeper_partner_id` int(11) DEFAULT NULL,
  `coastkeeper_location_id` int(11) NOT NULL,
  `date` date NOT NULL,
  `finished` smallint(1) NOT NULL DEFAULT '0',
  PRIMARY KEY (`id`)
) ENGINE=MyISAM  DEFAULT CHARSET=utf8 AUTO_INCREMENT=82 ;

--
-- Dumping data for table `coastkeeper_patrol`
--

INSERT INTO `coastkeeper_patrol` (`id`, `coastkeeper_volunteer_id`, `coastkeeper_partner_id`, `coastkeeper_location_id`, `date`, `finished`) VALUES
(1, 1, NULL, 1, '2012-12-04', 1),
(2, 3, NULL, 1, '2012-12-04', 1),
(3, 3, NULL, 2, '2012-12-04', 1),
(4, 8, NULL, 1, '2012-12-04', 0),
(5, 8, NULL, 1, '2012-12-04', 1),
(6, 4, NULL, 2, '2012-12-04', 1),
(7, 2, NULL, 2, '2012-12-04', 0),
(8, 2, NULL, 2, '2012-12-04', 0),
(9, 2, NULL, 2, '2012-12-04', 0),
(10, 2, NULL, 1, '2012-12-04', 0),
(11, 1, NULL, 1, '2012-12-04', 1),
(12, 9, NULL, 2, '2012-12-04', 1),
(13, 5, NULL, 2, '2012-12-04', 1),
(14, 9, 9, 2, '2012-12-04', 1),
(15, 1, 5, 2, '2012-12-04', 1),
(16, 8, NULL, 1, '2012-12-05', 0),
(17, 2, NULL, 2, '2012-12-05', 1),
(18, 2, NULL, 2, '2012-12-05', 1),
(19, 2, NULL, 2, '2012-12-05', 0),
(20, 9, NULL, 1, '2012-12-05', 1),
(21, 2, NULL, 2, '2012-12-05', 1),
(22, 2, NULL, 2, '2012-12-05', 1),
(23, 11, NULL, 1, '2012-12-06', 0),
(24, 11, 11, 2, '2012-12-06', 0),
(25, 11, NULL, 2, '2012-12-08', 0),
(26, 11, NULL, 2, '2012-12-10', 0),
(27, 11, NULL, 1, '2012-12-11', 1),
(28, 11, 11, 1, '2012-12-13', 1),
(29, 9, NULL, 2, '2012-12-16', 1),
(30, 11, NULL, 1, '2012-12-17', 0),
(31, 11, NULL, 1, '2012-12-17', 0),
(32, 11, 11, 1, '2012-12-18', 0),
(33, 9, NULL, 1, '2012-12-29', 1),
(34, 2, NULL, 1, '2013-01-09', 1),
(35, 2, NULL, 2, '2013-01-17', 0),
(36, 12, NULL, 1, '2013-01-28', 0),
(37, 12, NULL, 1, '2013-01-28', 0),
(38, 11, 11, 1, '2013-01-29', 0),
(39, 11, 11, 2, '2013-01-29', 0),
(40, 11, NULL, 2, '2013-02-01', 0),
(41, 2, NULL, 1, '2013-02-07', 0),
(42, 2, NULL, 2, '2013-02-07', 0),
(43, 2, NULL, 2, '2013-02-07', 0),
(44, 2, NULL, 2, '2013-02-08', 0),
(45, 11, NULL, 2, '2013-02-10', 0),
(46, 2, NULL, 2, '2013-02-10', 0),
(47, 2, NULL, 2, '2013-02-10', 0),
(48, 11, NULL, 2, '2013-02-12', 1),
(49, 2, NULL, 2, '2013-02-13', 0),
(50, 2, NULL, 2, '2013-02-13', 0),
(51, 2, NULL, 1, '2013-02-14', 0),
(52, 2, NULL, 2, '2013-02-14', 0),
(53, 14, NULL, 1, '2013-02-15', 0),
(54, 14, NULL, 1, '2013-02-15', 1),
(55, 15, NULL, 1, '2013-02-15', 1),
(56, 11, NULL, 2, '2013-02-26', 0),
(57, 11, NULL, 2, '2013-02-26', 1),
(58, 11, NULL, 1, '2013-03-07', 0),
(59, 11, NULL, 1, '2013-03-11', 0),
(60, 2, NULL, 1, '2013-03-12', 0),
(61, 11, NULL, 2, '2013-03-17', 1),
(62, 11, NULL, 1, '2013-03-18', 0),
(63, 11, NULL, 2, '2013-03-18', 0),
(64, 11, NULL, 1, '2013-03-20', 0),
(65, 16, 16, 1, '2013-03-26', 0),
(66, 17, NULL, 1, '2013-03-27', 0),
(67, 17, NULL, 1, '2013-03-27', 0),
(68, 17, NULL, 1, '2013-03-27', 0),
(69, 17, NULL, 1, '2013-03-27', 0),
(70, 17, NULL, 1, '2013-03-27', 0),
(71, 11, NULL, 2, '2013-04-02', 0),
(72, 17, NULL, 2, '2013-04-03', 0),
(73, 17, NULL, 1, '2013-04-03', 0),
(74, 17, NULL, 1, '2013-04-03', 0),
(75, 17, NULL, 1, '2013-04-03', 0),
(76, 17, NULL, 1, '2013-04-03', 1),
(77, 17, NULL, 1, '2013-04-03', 1),
(78, 11, NULL, 2, '2013-04-09', 1),
(79, 2, NULL, 1, '2013-04-16', 1),
(80, 2, NULL, 2, '2013-04-17', 0),
(81, 2, NULL, 2, '2013-04-17', 0);

-- --------------------------------------------------------

--
-- Table structure for table `coastkeeper_patrol_entry`
--

DROP TABLE IF EXISTS `coastkeeper_patrol_entry`;
CREATE TABLE IF NOT EXISTS `coastkeeper_patrol_entry` (
  `id` int(11) NOT NULL AUTO_INCREMENT,
  `coastkeeper_patrol_id` int(11) NOT NULL,
  `coastkeeper_section_id` int(11) NOT NULL,
  `start_time` time DEFAULT NULL,
  `end_time` time DEFAULT NULL,
  PRIMARY KEY (`id`)
) ENGINE=MyISAM  DEFAULT CHARSET=utf8 AUTO_INCREMENT=125 ;

--
-- Dumping data for table `coastkeeper_patrol_entry`
--

INSERT INTO `coastkeeper_patrol_entry` (`id`, `coastkeeper_patrol_id`, `coastkeeper_section_id`, `start_time`, `end_time`) VALUES
(1, 1, 1, '01:08:34', NULL),
(2, 2, 1, '01:25:02', NULL),
(3, 2, 1, '01:25:33', NULL),
(4, 2, 2, '01:26:57', NULL),
(5, 2, 5, '01:27:39', NULL),
(6, 3, 11, '01:28:03', NULL),
(7, 4, 1, '02:21:09', NULL),
(8, 5, 1, '02:40:05', NULL),
(9, 5, 1, '02:41:48', NULL),
(10, 5, 2, '02:43:37', NULL),
(11, 6, 7, '07:57:05', NULL),
(12, 6, 7, '07:57:05', NULL),
(13, 6, 7, '07:57:05', NULL),
(14, 6, 7, '07:57:05', NULL),
(15, 6, 7, '07:57:05', NULL),
(16, 6, 7, '07:57:05', NULL),
(17, 6, 7, '07:57:05', NULL),
(18, 6, 7, '07:57:05', NULL),
(19, 6, 12, '07:57:31', NULL),
(20, 6, 12, '07:57:31', NULL),
(21, 7, 6, '08:12:03', NULL),
(22, 8, 6, '08:20:46', NULL),
(23, 10, 2, '08:37:35', NULL),
(24, 11, 1, '08:41:47', NULL),
(25, 12, 6, '08:47:55', NULL),
(26, 12, 7, '08:48:44', NULL),
(27, 13, 6, '09:53:06', NULL),
(28, 14, 11, '10:30:54', NULL),
(29, 15, 6, '11:13:11', '11:13:30'),
(30, 16, 1, '00:46:04', '00:46:32'),
(31, 16, 1, '00:54:15', NULL),
(32, 17, 6, '08:44:10', '08:52:43'),
(33, 18, 7, '08:46:37', '08:50:31'),
(34, 19, 7, '08:51:33', NULL),
(35, 20, 1, '17:06:15', '17:13:29'),
(36, 21, 6, '17:06:50', '17:07:06'),
(37, 22, 6, '21:19:00', '18:19:51'),
(38, 23, 5, '09:27:22', NULL),
(39, 24, 11, '09:35:08', NULL),
(40, 25, 6, '11:55:48', NULL),
(41, 26, 6, '15:32:04', NULL),
(42, 27, 1, '13:00:44', '13:01:19'),
(43, 28, 2, '15:09:18', '15:10:51'),
(44, 29, 6, '20:58:49', '20:59:19'),
(45, 30, 3, '16:58:41', '16:59:10'),
(46, 31, 1, '17:24:04', NULL),
(47, 32, 1, '15:47:42', NULL),
(48, 32, 3, '15:52:21', NULL),
(49, 33, 1, '16:23:49', '16:24:15'),
(50, 33, 4, '16:24:23', '16:25:17'),
(51, 34, 1, '17:40:55', '17:41:13'),
(52, 35, 6, '10:17:37', NULL),
(53, 38, 1, '16:41:59', NULL),
(54, 39, 6, '16:52:32', NULL),
(55, 42, 7, '14:46:07', NULL),
(56, 43, 6, '16:03:48', NULL),
(57, 44, 6, '17:29:41', '17:31:33'),
(58, 44, 6, '17:31:50', NULL),
(59, 45, 6, '10:43:26', '10:43:59'),
(60, 46, 6, '16:39:22', NULL),
(61, 47, 8, '17:19:31', NULL),
(62, 48, 6, '13:06:37', '13:09:47'),
(63, 48, 7, '13:17:18', '13:18:11'),
(64, 48, 8, '13:22:33', '13:23:46'),
(65, 48, 9, '13:27:26', '13:29:29'),
(66, 48, 10, '13:32:25', '13:34:06'),
(67, 48, 11, '13:40:35', '13:43:50'),
(68, 48, 12, '13:54:21', '13:55:54'),
(69, 50, 7, '12:42:46', NULL),
(70, 55, 3, '14:20:39', '14:29:40'),
(71, 54, 3, '14:20:46', NULL),
(72, 54, 3, '14:21:51', '14:22:17'),
(73, 54, 3, '14:22:25', '14:22:34'),
(74, 54, 3, '14:22:41', '14:29:40'),
(75, 55, 2, '14:29:55', '14:37:48'),
(76, 54, 2, '14:30:14', NULL),
(77, 54, 2, '14:30:14', NULL),
(78, 54, 2, '14:30:14', '14:37:37'),
(79, 54, 1, '14:38:11', '15:00:42'),
(80, 55, 1, '14:38:28', '15:00:47'),
(81, 56, 6, '14:56:39', NULL),
(82, 56, 6, '14:58:42', NULL),
(83, 57, 6, '15:02:32', '15:03:17'),
(84, 57, 6, '15:11:24', '15:12:37'),
(85, 57, 8, '15:17:47', '15:18:06'),
(86, 57, 9, '15:21:31', NULL),
(87, 57, 9, '15:21:31', '15:22:26'),
(88, 57, 10, '15:26:44', '15:27:11'),
(89, 57, 11, '15:30:59', '15:32:48'),
(90, 57, 12, '15:46:08', '15:48:16'),
(91, 58, 1, '12:35:40', NULL),
(92, 59, 1, '13:37:07', NULL),
(93, 60, 1, '06:01:42', NULL),
(94, 61, 12, '12:35:56', '12:45:09'),
(95, 64, 1, '14:42:48', NULL),
(96, 65, 1, '13:06:24', NULL),
(97, 66, 1, '10:15:00', NULL),
(98, 68, 2, '10:16:08', NULL),
(99, 69, 3, '10:17:10', NULL),
(100, 70, 2, '10:29:45', NULL),
(101, 71, 6, '13:36:06', '13:38:34'),
(102, 71, 7, '13:45:01', '13:46:22'),
(103, 71, 8, '13:50:41', '13:51:24'),
(104, 71, 9, '13:54:48', '13:55:48'),
(105, 71, 10, '13:59:18', '14:00:19'),
(106, 71, 11, '14:03:45', '14:06:23'),
(107, 71, 12, '14:15:58', '14:20:54'),
(108, 72, 11, '10:40:45', NULL),
(109, 73, 1, '13:40:47', NULL),
(110, 74, 1, '12:40:52', NULL),
(111, 76, 1, '10:45:47', '10:46:34'),
(112, 75, 5, '13:46:30', NULL),
(113, 77, 4, '11:07:32', '11:08:34'),
(114, 78, 6, '13:40:36', '13:51:09'),
(115, 78, 7, '13:51:33', '13:54:06'),
(116, 78, 8, '14:00:08', '14:00:38'),
(117, 78, 9, '14:04:08', '14:05:04'),
(118, 78, 10, '14:07:55', '14:09:12'),
(119, 78, 11, '14:15:41', '14:17:40'),
(120, 78, 12, '14:28:24', '14:30:34'),
(121, 79, 2, '14:50:05', '14:51:47'),
(122, 80, 6, '17:28:00', NULL),
(123, 80, 10, '17:29:00', '17:30:00'),
(124, 80, 11, '15:30:00', NULL);

-- --------------------------------------------------------

--
-- Table structure for table `coastkeeper_patrol_tally`
--

DROP TABLE IF EXISTS `coastkeeper_patrol_tally`;
CREATE TABLE IF NOT EXISTS `coastkeeper_patrol_tally` (
  `id` int(11) NOT NULL AUTO_INCREMENT,
  `coastkeeper_patrol_entry_id` int(11) NOT NULL,
  `coastkeeper_datasheet_entry_id` int(11) NOT NULL,
  `tally` int(11) NOT NULL DEFAULT '0',
  PRIMARY KEY (`id`)
) ENGINE=MyISAM  DEFAULT CHARSET=utf8 AUTO_INCREMENT=1621 ;

--
-- Dumping data for table `coastkeeper_patrol_tally`
--

INSERT INTO `coastkeeper_patrol_tally` (`id`, `coastkeeper_patrol_entry_id`, `coastkeeper_datasheet_entry_id`, `tally`) VALUES
(1, 1, 1, 1),
(2, 1, 2, 1),
(3, 1, 3, 1),
(4, 1, 4, 0),
(5, 1, 5, 1),
(6, 1, 6, 1),
(7, 1, 7, 1),
(8, 1, 8, 0),
(9, 1, 9, 0),
(10, 1, 10, 0),
(11, 1, 11, 0),
(12, 1, 12, 0),
(13, 1, 13, 1),
(14, 1, 14, 0),
(15, 1, 15, 0),
(16, 1, 16, 0),
(17, 1, 17, 1),
(18, 1, 18, 0),
(19, 2, 1, 3),
(20, 2, 2, 15),
(21, 2, 3, 1),
(22, 2, 4, 1),
(23, 2, 5, 0),
(24, 2, 6, 0),
(25, 2, 7, 0),
(26, 2, 8, 0),
(27, 2, 9, 0),
(28, 2, 10, 0),
(29, 2, 11, 0),
(30, 2, 12, 0),
(31, 2, 13, 0),
(32, 2, 14, 0),
(33, 2, 15, 0),
(34, 2, 16, 0),
(35, 2, 17, 0),
(36, 2, 18, 0),
(37, 3, 1, 15),
(38, 3, 2, 1),
(39, 3, 3, 1),
(40, 3, 4, 1),
(41, 3, 5, 4),
(42, 3, 6, 95),
(43, 3, 7, 14),
(44, 3, 8, 2),
(45, 3, 9, 16),
(46, 3, 10, 8),
(47, 3, 11, 1),
(48, 3, 12, 1),
(49, 3, 13, 1),
(50, 3, 14, 1),
(51, 3, 15, 1),
(52, 3, 16, 1),
(53, 3, 17, 1),
(54, 3, 18, 1),
(55, 4, 1, 0),
(56, 4, 2, 0),
(57, 4, 3, 0),
(58, 4, 4, 0),
(59, 4, 5, 0),
(60, 4, 6, 0),
(61, 4, 7, 0),
(62, 4, 8, 0),
(63, 4, 9, 0),
(64, 4, 10, 0),
(65, 4, 11, 0),
(66, 4, 12, 0),
(67, 4, 13, 0),
(68, 4, 14, 58),
(69, 4, 15, 0),
(70, 4, 16, 0),
(71, 4, 17, 0),
(72, 4, 18, 0),
(73, 5, 1, 0),
(74, 5, 2, 0),
(75, 5, 3, 0),
(76, 5, 4, 0),
(77, 5, 5, 0),
(78, 5, 6, 0),
(79, 5, 7, 0),
(80, 5, 8, 0),
(81, 5, 9, 0),
(82, 5, 10, 0),
(83, 5, 11, 0),
(84, 5, 12, 0),
(85, 5, 13, 0),
(86, 5, 14, 0),
(87, 5, 15, 0),
(88, 5, 16, 0),
(89, 5, 17, 0),
(90, 5, 18, 0),
(91, 6, 1, 0),
(92, 6, 2, 0),
(93, 6, 3, 0),
(94, 6, 4, 0),
(95, 6, 5, 0),
(96, 6, 6, 0),
(97, 6, 7, 0),
(98, 6, 8, 0),
(99, 6, 9, 0),
(100, 6, 10, 0),
(101, 6, 11, 0),
(102, 6, 12, 0),
(103, 6, 13, 0),
(104, 6, 14, 0),
(105, 6, 15, 0),
(106, 6, 16, 0),
(107, 6, 17, 1),
(108, 6, 18, 2),
(109, 9, 1, 0),
(110, 9, 2, 0),
(111, 9, 3, 0),
(112, 9, 4, 0),
(113, 9, 5, 0),
(114, 9, 6, 0),
(115, 9, 7, 0),
(116, 9, 8, 0),
(117, 9, 9, 0),
(118, 9, 10, 0),
(119, 9, 11, 0),
(120, 9, 12, 0),
(121, 9, 13, 0),
(122, 9, 14, 0),
(123, 9, 15, 1),
(124, 9, 16, 1),
(125, 9, 17, 1),
(126, 9, 18, 1),
(127, 10, 1, 0),
(128, 10, 2, 0),
(129, 10, 3, 0),
(130, 10, 4, 0),
(131, 10, 5, 0),
(132, 10, 6, 0),
(133, 10, 7, 0),
(134, 10, 8, 0),
(135, 10, 9, 0),
(136, 10, 10, 0),
(137, 10, 11, 0),
(138, 10, 12, 0),
(139, 10, 13, 0),
(140, 10, 14, 0),
(141, 10, 15, 1),
(142, 10, 16, 0),
(143, 10, 17, 0),
(144, 10, 18, 0),
(145, 18, 1, 2),
(146, 18, 2, 4),
(147, 18, 3, 2),
(148, 18, 4, 3),
(149, 18, 5, 2),
(150, 18, 6, 1),
(151, 18, 7, 2),
(152, 18, 8, 1),
(153, 18, 9, 1),
(154, 18, 10, 1),
(155, 18, 11, 1),
(156, 18, 12, 1),
(157, 18, 13, 1),
(158, 18, 14, 1),
(159, 18, 15, 1),
(160, 18, 16, 1),
(161, 18, 17, 1),
(162, 18, 18, 1),
(163, 20, 1, 0),
(164, 20, 2, 0),
(165, 20, 3, 0),
(166, 20, 4, 0),
(167, 20, 5, 0),
(168, 20, 6, 0),
(169, 20, 7, 0),
(170, 20, 8, 0),
(171, 20, 9, 0),
(172, 20, 10, 0),
(173, 20, 11, 0),
(174, 20, 12, 0),
(175, 20, 13, 0),
(176, 20, 14, 0),
(177, 20, 15, 0),
(178, 20, 16, 0),
(179, 20, 17, 0),
(180, 20, 18, 0),
(181, 22, 1, 0),
(182, 22, 2, 0),
(183, 22, 3, 0),
(184, 22, 4, 0),
(185, 22, 5, 0),
(186, 22, 6, 0),
(187, 22, 7, 0),
(188, 22, 8, 0),
(189, 22, 9, 0),
(190, 22, 10, 0),
(191, 22, 11, 0),
(192, 22, 12, 0),
(193, 22, 13, 0),
(194, 22, 14, 0),
(195, 22, 15, 0),
(196, 22, 16, 0),
(197, 22, 17, 0),
(198, 22, 18, 0),
(199, 22, 1, 0),
(200, 22, 2, 0),
(201, 22, 3, 0),
(202, 22, 4, 0),
(203, 22, 5, 0),
(204, 22, 6, 0),
(205, 22, 7, 0),
(206, 22, 8, 0),
(207, 22, 9, 0),
(208, 22, 10, 0),
(209, 22, 11, 0),
(210, 22, 12, 0),
(211, 22, 13, 0),
(212, 22, 14, 0),
(213, 22, 15, 0),
(214, 22, 16, 0),
(215, 22, 17, 0),
(216, 22, 18, 0),
(217, 23, 1, 0),
(218, 23, 2, 0),
(219, 23, 3, 0),
(220, 23, 4, 0),
(221, 23, 5, 0),
(222, 23, 6, 0),
(223, 23, 7, 0),
(224, 23, 8, 0),
(225, 23, 9, 0),
(226, 23, 10, 0),
(227, 23, 11, 0),
(228, 23, 12, 0),
(229, 23, 13, 0),
(230, 23, 14, 0),
(231, 23, 15, 0),
(232, 23, 16, 0),
(233, 23, 17, 0),
(234, 23, 18, 0),
(235, 24, 1, 0),
(236, 24, 2, 0),
(237, 24, 3, 0),
(238, 24, 4, 0),
(239, 24, 5, 0),
(240, 24, 6, 0),
(241, 24, 7, 0),
(242, 24, 8, 0),
(243, 24, 9, 0),
(244, 24, 10, 0),
(245, 24, 11, 0),
(246, 24, 12, 0),
(247, 24, 13, 0),
(248, 24, 14, 0),
(249, 24, 15, 0),
(250, 24, 16, 0),
(251, 24, 17, 0),
(252, 24, 18, 0),
(253, 25, 1, 5),
(254, 25, 2, 2),
(255, 25, 3, 4),
(256, 25, 4, 36),
(257, 25, 5, 0),
(258, 25, 6, 0),
(259, 25, 7, 0),
(260, 25, 8, 0),
(261, 25, 9, 0),
(262, 25, 10, 0),
(263, 25, 11, 0),
(264, 25, 12, 0),
(265, 25, 13, 0),
(266, 25, 14, 0),
(267, 25, 15, 0),
(268, 25, 16, 0),
(269, 25, 17, 0),
(270, 25, 18, 0),
(271, 26, 1, 0),
(272, 26, 2, 0),
(273, 26, 3, 0),
(274, 26, 4, 0),
(275, 26, 5, 0),
(276, 26, 6, 0),
(277, 26, 7, 0),
(278, 26, 8, 0),
(279, 26, 9, 0),
(280, 26, 10, 0),
(281, 26, 11, 0),
(282, 26, 12, 0),
(283, 26, 13, 0),
(284, 26, 14, 0),
(285, 26, 15, 0),
(286, 26, 16, 0),
(287, 26, 17, 0),
(288, 26, 18, 0),
(289, 27, 1, 0),
(290, 27, 2, 0),
(291, 27, 3, 0),
(292, 27, 4, 0),
(293, 27, 5, 0),
(294, 27, 6, 0),
(295, 27, 7, 0),
(296, 27, 8, 0),
(297, 27, 9, 0),
(298, 27, 10, 0),
(299, 27, 11, 0),
(300, 27, 12, 0),
(301, 27, 13, 0),
(302, 27, 14, 0),
(303, 27, 15, 0),
(304, 27, 16, 0),
(305, 27, 17, 0),
(306, 27, 18, 0),
(307, 28, 1, 0),
(308, 28, 2, 0),
(309, 28, 3, 0),
(310, 28, 4, 0),
(311, 28, 5, 0),
(312, 28, 6, 0),
(313, 28, 7, 0),
(314, 28, 8, 6),
(315, 28, 9, 23),
(316, 28, 10, 0),
(317, 28, 11, 4),
(318, 28, 12, 0),
(319, 28, 13, 6),
(320, 28, 14, 1),
(321, 28, 15, 8),
(322, 28, 16, 10000),
(323, 28, 17, 7),
(324, 28, 18, 1),
(325, 29, 1, 0),
(326, 29, 2, 0),
(327, 29, 3, 0),
(328, 29, 4, 0),
(329, 29, 5, 0),
(330, 29, 6, 0),
(331, 29, 7, 0),
(332, 29, 8, 0),
(333, 29, 9, 0),
(334, 29, 10, 0),
(335, 29, 11, 0),
(336, 29, 12, 0),
(337, 29, 13, 0),
(338, 29, 14, 1),
(339, 29, 15, 0),
(340, 29, 16, 0),
(341, 29, 17, 0),
(342, 29, 18, 0),
(343, 30, 1, 0),
(344, 30, 2, 0),
(345, 30, 3, 0),
(346, 30, 4, 0),
(347, 30, 5, 0),
(348, 30, 6, 0),
(349, 30, 7, 0),
(350, 30, 8, 0),
(351, 30, 9, 0),
(352, 30, 10, 0),
(353, 30, 11, 0),
(354, 30, 12, 0),
(355, 30, 13, 0),
(356, 30, 14, 0),
(357, 30, 15, 0),
(358, 30, 16, 0),
(359, 30, 17, 0),
(360, 30, 18, 0),
(361, 32, 1, 2),
(362, 32, 2, 0),
(363, 32, 3, 0),
(364, 32, 4, 0),
(365, 32, 5, 1),
(366, 32, 6, 0),
(367, 32, 7, 0),
(368, 32, 8, 0),
(369, 32, 9, 0),
(370, 32, 10, 0),
(371, 32, 11, 1),
(372, 32, 12, 0),
(373, 32, 13, 0),
(374, 32, 14, 2),
(375, 32, 15, 1),
(376, 32, 16, 1),
(377, 32, 17, 1),
(378, 32, 18, 0),
(379, 33, 1, 0),
(380, 33, 2, 0),
(381, 33, 3, 0),
(382, 33, 4, 0),
(383, 33, 5, 0),
(384, 33, 6, 0),
(385, 33, 7, 0),
(386, 33, 8, 0),
(387, 33, 9, 0),
(388, 33, 10, 0),
(389, 33, 11, 0),
(390, 33, 12, 0),
(391, 33, 13, 0),
(392, 33, 14, 0),
(393, 33, 15, 0),
(394, 33, 16, 0),
(395, 33, 17, 0),
(396, 33, 18, 0),
(397, 33, 1, 0),
(398, 33, 2, 0),
(399, 33, 3, 0),
(400, 33, 4, 0),
(401, 33, 5, 0),
(402, 33, 6, 0),
(403, 33, 7, 0),
(404, 33, 8, 0),
(405, 33, 9, 0),
(406, 33, 10, 0),
(407, 33, 11, 0),
(408, 33, 12, 0),
(409, 33, 13, 0),
(410, 33, 14, 0),
(411, 33, 15, 0),
(412, 33, 16, 0),
(413, 33, 17, 0),
(414, 33, 18, 0),
(415, 36, 1, 0),
(416, 36, 2, 0),
(417, 36, 3, 0),
(418, 36, 4, 0),
(419, 36, 5, 0),
(420, 36, 6, 0),
(421, 36, 7, 0),
(422, 36, 8, 0),
(423, 36, 9, 0),
(424, 36, 10, 0),
(425, 36, 11, 0),
(426, 36, 12, 0),
(427, 36, 13, 0),
(428, 36, 14, 0),
(429, 36, 15, 2),
(430, 36, 16, 0),
(431, 36, 17, 0),
(432, 36, 18, 0),
(433, 35, 1, 3),
(434, 35, 2, 0),
(435, 35, 3, 5),
(436, 35, 4, 4),
(437, 35, 5, 3),
(438, 35, 6, 4),
(439, 35, 7, 1),
(440, 35, 8, 4),
(441, 35, 9, 0),
(442, 35, 10, 0),
(443, 35, 11, 5),
(444, 35, 12, 0),
(445, 35, 13, 0),
(446, 35, 14, 3),
(447, 35, 15, 0),
(448, 35, 16, 2),
(449, 35, 17, 0),
(450, 35, 18, 0),
(451, 37, 1, 1),
(452, 37, 2, 1),
(453, 37, 3, 1),
(454, 37, 4, 10),
(455, 37, 5, 12),
(456, 37, 6, 0),
(457, 37, 7, 1),
(458, 37, 8, 0),
(459, 37, 9, 0),
(460, 37, 10, 0),
(461, 37, 11, 0),
(462, 37, 12, 0),
(463, 37, 13, 0),
(464, 37, 14, 0),
(465, 37, 15, 0),
(466, 37, 16, 0),
(467, 37, 17, 0),
(468, 37, 18, 0),
(469, 42, 1, 0),
(470, 42, 2, 0),
(471, 42, 3, 0),
(472, 42, 4, 0),
(473, 42, 5, 0),
(474, 42, 6, 0),
(475, 42, 7, 0),
(476, 42, 8, 0),
(477, 42, 9, 0),
(478, 42, 10, 0),
(479, 42, 11, 0),
(480, 42, 12, 0),
(481, 42, 13, 0),
(482, 42, 14, 0),
(483, 42, 15, 0),
(484, 42, 16, 0),
(485, 42, 17, 0),
(486, 42, 18, 0),
(487, 43, 1, 45),
(488, 43, 2, 1),
(489, 43, 3, 0),
(490, 43, 4, 0),
(491, 43, 5, 9),
(492, 43, 6, 0),
(493, 43, 7, 0),
(494, 43, 8, 0),
(495, 43, 9, 1000000),
(496, 43, 10, 0),
(497, 43, 11, 0),
(498, 43, 12, 0),
(499, 43, 13, 0),
(500, 43, 14, 0),
(501, 43, 15, 0),
(502, 43, 16, 0),
(503, 43, 17, 0),
(504, 43, 18, 0),
(505, 44, 1, 5),
(506, 44, 2, 11),
(507, 44, 3, 10),
(508, 44, 4, 0),
(509, 44, 5, 0),
(510, 44, 6, 0),
(511, 44, 7, 0),
(512, 44, 8, 0),
(513, 44, 9, 0),
(514, 44, 10, 0),
(515, 44, 11, 0),
(516, 44, 12, 0),
(517, 44, 13, 0),
(518, 44, 14, 0),
(519, 44, 15, 0),
(520, 44, 16, 0),
(521, 44, 17, 0),
(522, 44, 18, 0),
(523, 45, 1, 0),
(524, 45, 2, 0),
(525, 45, 3, 0),
(526, 45, 4, 0),
(527, 45, 5, 0),
(528, 45, 6, 0),
(529, 45, 7, 0),
(530, 45, 8, 0),
(531, 45, 9, 0),
(532, 45, 10, 0),
(533, 45, 11, 0),
(534, 45, 12, 0),
(535, 45, 13, 0),
(536, 45, 14, 0),
(537, 45, 15, 0),
(538, 45, 16, 0),
(539, 45, 17, 0),
(540, 45, 18, 0),
(541, 46, 1, 0),
(542, 46, 2, 0),
(543, 46, 3, 0),
(544, 46, 4, 0),
(545, 46, 5, 0),
(546, 46, 6, 0),
(547, 46, 7, 0),
(548, 46, 8, 0),
(549, 46, 9, 0),
(550, 46, 10, 0),
(551, 46, 11, 0),
(552, 46, 12, 0),
(553, 46, 13, 0),
(554, 46, 14, 0),
(555, 46, 15, 0),
(556, 46, 16, 0),
(557, 46, 17, 0),
(558, 46, 18, 0),
(559, 49, 1, 14),
(560, 49, 2, 3),
(561, 49, 3, 0),
(562, 49, 4, 0),
(563, 49, 5, 0),
(564, 49, 6, 0),
(565, 49, 7, 0),
(566, 49, 8, 0),
(567, 49, 9, 0),
(568, 49, 10, 0),
(569, 49, 11, 0),
(570, 49, 12, 0),
(571, 49, 13, 0),
(572, 49, 14, 0),
(573, 49, 15, 0),
(574, 49, 16, 0),
(575, 49, 17, 0),
(576, 49, 18, 0),
(577, 50, 1, 0),
(578, 50, 2, 0),
(579, 50, 3, 0),
(580, 50, 4, 0),
(581, 50, 5, 0),
(582, 50, 6, 0),
(583, 50, 7, 0),
(584, 50, 8, 0),
(585, 50, 9, 0),
(586, 50, 10, 0),
(587, 50, 11, 0),
(588, 50, 12, 0),
(589, 50, 13, 0),
(590, 50, 14, 1),
(591, 50, 15, 0),
(592, 50, 16, 0),
(593, 50, 17, 2994646),
(594, 50, 18, 0),
(595, 51, 1, 0),
(596, 51, 2, 0),
(597, 51, 3, 0),
(598, 51, 4, 0),
(599, 51, 5, 0),
(600, 51, 6, 1),
(601, 51, 7, 7),
(602, 51, 8, 0),
(603, 51, 9, 0),
(604, 51, 10, 0),
(605, 51, 11, 0),
(606, 51, 12, 0),
(607, 51, 13, 0),
(608, 51, 14, 0),
(609, 51, 15, 0),
(610, 51, 16, 0),
(611, 51, 17, 0),
(612, 51, 18, 0),
(613, 52, 1, 0),
(614, 52, 2, 0),
(615, 52, 3, 0),
(616, 52, 4, 0),
(617, 52, 5, 0),
(618, 52, 6, 0),
(619, 52, 7, 0),
(620, 52, 8, 0),
(621, 52, 9, 0),
(622, 52, 10, 0),
(623, 52, 11, 0),
(624, 52, 12, 0),
(625, 52, 13, 0),
(626, 52, 14, 0),
(627, 52, 15, 0),
(628, 52, 16, 0),
(629, 52, 17, 0),
(630, 52, 18, 0),
(631, 53, 1, 0),
(632, 53, 2, 0),
(633, 53, 3, 0),
(634, 53, 4, 0),
(635, 53, 5, 0),
(636, 53, 6, 0),
(637, 53, 7, 0),
(638, 53, 8, 0),
(639, 53, 9, 0),
(640, 53, 10, 0),
(641, 53, 11, 0),
(642, 53, 12, 0),
(643, 53, 13, 0),
(644, 53, 14, 0),
(645, 53, 15, 0),
(646, 53, 16, 0),
(647, 53, 17, 0),
(648, 53, 18, 0),
(649, 57, 1, 0),
(650, 57, 2, 0),
(651, 57, 3, 0),
(652, 57, 4, 0),
(653, 57, 5, 0),
(654, 57, 6, 0),
(655, 57, 7, 0),
(656, 57, 8, 0),
(657, 57, 9, 0),
(658, 57, 10, 0),
(659, 57, 11, 0),
(660, 57, 12, 0),
(661, 57, 13, 0),
(662, 57, 14, 0),
(663, 57, 15, 0),
(664, 57, 16, 0),
(665, 57, 17, 0),
(666, 57, 18, 0),
(667, 59, 1, 0),
(668, 59, 2, 0),
(669, 59, 3, 0),
(670, 59, 4, 0),
(671, 59, 5, 0),
(672, 59, 6, 0),
(673, 59, 7, 0),
(674, 59, 8, 0),
(675, 59, 9, 0),
(676, 59, 10, 0),
(677, 59, 11, 0),
(678, 59, 12, 0),
(679, 59, 13, 0),
(680, 59, 14, 0),
(681, 59, 15, 0),
(682, 59, 16, 0),
(683, 59, 17, 0),
(684, 59, 18, 0),
(685, 60, 1, 30),
(686, 60, 2, 2),
(687, 60, 3, 5),
(688, 60, 4, 0),
(689, 60, 5, 1),
(690, 60, 6, 0),
(691, 60, 7, 0),
(692, 60, 8, 0),
(693, 60, 9, 0),
(694, 60, 10, 0),
(695, 60, 11, 0),
(696, 60, 12, 0),
(697, 60, 13, 0),
(698, 60, 14, 0),
(699, 60, 15, 0),
(700, 60, 16, 0),
(701, 60, 17, 0),
(702, 60, 18, 0),
(703, 61, 1, 0),
(704, 61, 2, 0),
(705, 61, 3, 0),
(706, 61, 4, 0),
(707, 61, 5, 0),
(708, 61, 6, 0),
(709, 61, 7, 0),
(710, 61, 8, 0),
(711, 61, 9, 0),
(712, 61, 10, 0),
(713, 61, 11, 0),
(714, 61, 12, 0),
(715, 61, 13, 0),
(716, 61, 14, 0),
(717, 61, 15, 0),
(718, 61, 16, 0),
(719, 61, 17, 0),
(720, 61, 18, 0),
(721, 62, 1, 3),
(722, 62, 2, 1),
(723, 62, 3, 1),
(724, 62, 4, 0),
(725, 62, 5, 0),
(726, 62, 6, 7),
(727, 62, 7, 0),
(728, 62, 8, 0),
(729, 62, 9, 0),
(730, 62, 10, 0),
(731, 62, 11, 1),
(732, 62, 12, 0),
(733, 62, 13, 0),
(734, 62, 14, 0),
(735, 62, 15, 0),
(736, 62, 16, 0),
(737, 62, 17, 0),
(738, 62, 18, 6),
(739, 63, 1, 0),
(740, 63, 2, 0),
(741, 63, 3, 0),
(742, 63, 4, 0),
(743, 63, 5, 0),
(744, 63, 6, 0),
(745, 63, 7, 0),
(746, 63, 8, 0),
(747, 63, 9, 0),
(748, 63, 10, 0),
(749, 63, 11, 0),
(750, 63, 12, 0),
(751, 63, 13, 0),
(752, 63, 14, 0),
(753, 63, 15, 0),
(754, 63, 16, 0),
(755, 63, 17, 0),
(756, 63, 18, 0),
(757, 64, 1, 4),
(758, 64, 2, 0),
(759, 64, 3, 0),
(760, 64, 4, 0),
(761, 64, 5, 0),
(762, 64, 6, 0),
(763, 64, 7, 0),
(764, 64, 8, 0),
(765, 64, 9, 0),
(766, 64, 10, 0),
(767, 64, 11, 0),
(768, 64, 12, 0),
(769, 64, 13, 0),
(770, 64, 14, 0),
(771, 64, 15, 0),
(772, 64, 16, 0),
(773, 64, 17, 0),
(774, 64, 18, 0),
(775, 65, 1, 0),
(776, 65, 2, 0),
(777, 65, 3, 0),
(778, 65, 4, 0),
(779, 65, 5, 0),
(780, 65, 6, 14),
(781, 65, 7, 0),
(782, 65, 8, 1),
(783, 65, 9, 0),
(784, 65, 10, 0),
(785, 65, 11, 0),
(786, 65, 12, 0),
(787, 65, 13, 0),
(788, 65, 14, 0),
(789, 65, 15, 0),
(790, 65, 16, 0),
(791, 65, 17, 0),
(792, 65, 18, 0),
(793, 66, 1, 2),
(794, 66, 2, 0),
(795, 66, 3, 0),
(796, 66, 4, 0),
(797, 66, 5, 1),
(798, 66, 6, 10),
(799, 66, 7, 0),
(800, 66, 8, 0),
(801, 66, 9, 0),
(802, 66, 10, 0),
(803, 66, 11, 0),
(804, 66, 12, 0),
(805, 66, 13, 0),
(806, 66, 14, 0),
(807, 66, 15, 0),
(808, 66, 16, 0),
(809, 66, 17, 0),
(810, 66, 18, 0),
(811, 67, 1, 7),
(812, 67, 2, 0),
(813, 67, 3, 0),
(814, 67, 4, 0),
(815, 67, 5, 0),
(816, 67, 6, 24),
(817, 67, 7, 0),
(818, 67, 8, 0),
(819, 67, 9, 0),
(820, 67, 10, 0),
(821, 67, 11, 0),
(822, 67, 12, 0),
(823, 67, 13, 0),
(824, 67, 14, 0),
(825, 67, 15, 0),
(826, 67, 16, 0),
(827, 67, 17, 0),
(828, 67, 18, 0),
(829, 68, 1, 5),
(830, 68, 2, 4),
(831, 68, 3, 1),
(832, 68, 4, 0),
(833, 68, 5, 0),
(834, 68, 6, 3),
(835, 68, 7, 0),
(836, 68, 8, 0),
(837, 68, 9, 0),
(838, 68, 10, 0),
(839, 68, 11, 0),
(840, 68, 12, 0),
(841, 68, 13, 0),
(842, 68, 14, 0),
(843, 68, 15, 0),
(844, 68, 16, 0),
(845, 68, 17, 0),
(846, 68, 18, 0),
(847, 71, 1, 0),
(848, 71, 2, 0),
(849, 71, 3, 0),
(850, 71, 4, 0),
(851, 71, 5, 0),
(852, 71, 6, 0),
(853, 71, 7, 0),
(854, 71, 8, 0),
(855, 71, 9, 0),
(856, 71, 10, 0),
(857, 71, 11, 0),
(858, 71, 12, 0),
(859, 71, 13, 0),
(860, 71, 14, 0),
(861, 71, 15, 0),
(862, 71, 16, 0),
(863, 71, 17, 0),
(864, 71, 18, 0),
(865, 72, 1, 0),
(866, 72, 2, 0),
(867, 72, 3, 0),
(868, 72, 4, 0),
(869, 72, 5, 0),
(870, 72, 6, 4),
(871, 72, 7, 0),
(872, 72, 8, 2),
(873, 72, 9, 0),
(874, 72, 10, 0),
(875, 72, 11, 0),
(876, 72, 12, 0),
(877, 72, 13, 0),
(878, 72, 14, 0),
(879, 72, 15, 0),
(880, 72, 16, 0),
(881, 72, 17, 0),
(882, 72, 18, 0),
(883, 73, 1, 0),
(884, 73, 2, 0),
(885, 73, 3, 0),
(886, 73, 4, 0),
(887, 73, 5, 0),
(888, 73, 6, 0),
(889, 73, 7, 0),
(890, 73, 8, 0),
(891, 73, 9, 0),
(892, 73, 10, 0),
(893, 73, 11, 0),
(894, 73, 12, 0),
(895, 73, 13, 0),
(896, 73, 14, 0),
(897, 73, 15, 0),
(898, 73, 16, 0),
(899, 73, 17, 0),
(900, 73, 18, 0),
(901, 70, 1, 39),
(902, 70, 2, 9),
(903, 70, 3, 18),
(904, 70, 4, 0),
(905, 70, 5, 0),
(906, 70, 6, 8),
(907, 70, 7, 0),
(908, 70, 8, 23),
(909, 70, 9, 0),
(910, 70, 10, 0),
(911, 70, 11, 0),
(912, 70, 12, 0),
(913, 70, 13, 0),
(914, 70, 14, 0),
(915, 70, 15, 0),
(916, 70, 16, 0),
(917, 70, 17, 0),
(918, 70, 18, 0),
(919, 74, 1, 30),
(920, 74, 2, 11),
(921, 74, 3, 11),
(922, 74, 4, 0),
(923, 74, 5, 0),
(924, 74, 6, 0),
(925, 74, 7, 0),
(926, 74, 8, 6),
(927, 74, 9, 0),
(928, 74, 10, 0),
(929, 74, 11, 0),
(930, 74, 12, 0),
(931, 74, 13, 0),
(932, 74, 14, 0),
(933, 74, 15, 0),
(934, 74, 16, 0),
(935, 74, 17, 0),
(936, 74, 18, 0),
(937, 78, 1, 0),
(938, 78, 2, 0),
(939, 78, 3, 0),
(940, 78, 4, 0),
(941, 78, 5, 0),
(942, 78, 6, 34),
(943, 78, 7, 0),
(944, 78, 8, 2),
(945, 78, 9, 0),
(946, 78, 10, 0),
(947, 78, 11, 0),
(948, 78, 12, 0),
(949, 78, 13, 0),
(950, 78, 14, 0),
(951, 78, 15, 0),
(952, 78, 16, 0),
(953, 78, 17, 0),
(954, 78, 18, 0),
(955, 75, 1, 116),
(956, 75, 2, 26),
(957, 75, 3, 26),
(958, 75, 4, 0),
(959, 75, 5, 0),
(960, 75, 6, 0),
(961, 75, 7, 0),
(962, 75, 8, 0),
(963, 75, 9, 0),
(964, 75, 10, 0),
(965, 75, 11, 0),
(966, 75, 12, 0),
(967, 75, 13, 0),
(968, 75, 14, 0),
(969, 75, 15, 0),
(970, 75, 16, 0),
(971, 75, 17, 0),
(972, 75, 18, 0),
(973, 79, 1, 165),
(974, 79, 2, 50),
(975, 79, 3, 93),
(976, 79, 4, 0),
(977, 79, 5, 0),
(978, 79, 6, 0),
(979, 79, 7, 0),
(980, 79, 8, 0),
(981, 79, 9, 0),
(982, 79, 10, 0),
(983, 79, 11, 0),
(984, 79, 12, 0),
(985, 79, 13, 0),
(986, 79, 14, 0),
(987, 79, 15, 0),
(988, 79, 16, 0),
(989, 79, 17, 0),
(990, 79, 18, 0),
(991, 79, 1, 165),
(992, 79, 2, 50),
(993, 79, 3, 93),
(994, 79, 4, 0),
(995, 79, 5, 0),
(996, 79, 6, 0),
(997, 79, 7, 0),
(998, 79, 8, 0),
(999, 79, 9, 0),
(1000, 79, 10, 0),
(1001, 79, 11, 0),
(1002, 79, 12, 0),
(1003, 79, 13, 0),
(1004, 79, 14, 0),
(1005, 79, 15, 0),
(1006, 79, 16, 0),
(1007, 79, 17, 0),
(1008, 79, 18, 0),
(1009, 80, 1, 0),
(1010, 80, 2, 0),
(1011, 80, 3, 0),
(1012, 80, 4, 0),
(1013, 80, 5, 0),
(1014, 80, 6, 185),
(1015, 80, 7, 0),
(1016, 80, 8, 1),
(1017, 80, 9, 1),
(1018, 80, 10, 0),
(1019, 80, 11, 0),
(1020, 80, 12, 0),
(1021, 80, 13, 0),
(1022, 80, 14, 0),
(1023, 80, 15, 0),
(1024, 80, 16, 0),
(1025, 80, 17, 0),
(1026, 80, 18, 0),
(1027, 81, 1, 0),
(1028, 81, 2, 0),
(1029, 81, 3, 8),
(1030, 81, 4, 0),
(1031, 81, 5, 1),
(1032, 81, 6, 1),
(1033, 81, 7, 0),
(1034, 81, 8, 0),
(1035, 81, 9, 0),
(1036, 81, 10, 0),
(1037, 81, 11, 0),
(1038, 81, 12, 0),
(1039, 81, 13, 0),
(1040, 81, 14, 0),
(1041, 81, 15, 0),
(1042, 81, 16, 0),
(1043, 81, 17, 0),
(1044, 81, 18, 0),
(1045, 83, 1, 0),
(1046, 83, 2, 0),
(1047, 83, 3, 7),
(1048, 83, 4, 0),
(1049, 83, 5, 1),
(1050, 83, 6, 1),
(1051, 83, 7, 0),
(1052, 83, 8, 0),
(1053, 83, 9, 0),
(1054, 83, 10, 0),
(1055, 83, 11, 0),
(1056, 83, 12, 0),
(1057, 83, 13, 0),
(1058, 83, 14, 0),
(1059, 83, 15, 0),
(1060, 83, 16, 0),
(1061, 83, 17, 0),
(1062, 83, 18, 0),
(1063, 84, 1, 0),
(1064, 84, 2, 0),
(1065, 84, 3, 0),
(1066, 84, 4, 0),
(1067, 84, 5, 0),
(1068, 84, 6, 0),
(1069, 84, 7, 0),
(1070, 84, 8, 0),
(1071, 84, 9, 1),
(1072, 84, 10, 0),
(1073, 84, 11, 0),
(1074, 84, 12, 0),
(1075, 84, 13, 0),
(1076, 84, 14, 0),
(1077, 84, 15, 0),
(1078, 84, 16, 0),
(1079, 84, 17, 0),
(1080, 84, 18, 0),
(1081, 85, 1, 0),
(1082, 85, 2, 0),
(1083, 85, 3, 0),
(1084, 85, 4, 0),
(1085, 85, 5, 0),
(1086, 85, 6, 0),
(1087, 85, 7, 0),
(1088, 85, 8, 0),
(1089, 85, 9, 0),
(1090, 85, 10, 0),
(1091, 85, 11, 0),
(1092, 85, 12, 0),
(1093, 85, 13, 0),
(1094, 85, 14, 0),
(1095, 85, 15, 0),
(1096, 85, 16, 0),
(1097, 85, 17, 0),
(1098, 85, 18, 0),
(1099, 87, 1, 0),
(1100, 87, 2, 0),
(1101, 87, 3, 1),
(1102, 87, 4, 0),
(1103, 87, 5, 0),
(1104, 87, 6, 0),
(1105, 87, 7, 0),
(1106, 87, 8, 0),
(1107, 87, 9, 0),
(1108, 87, 10, 0),
(1109, 87, 11, 0),
(1110, 87, 12, 0),
(1111, 87, 13, 0),
(1112, 87, 14, 0),
(1113, 87, 15, 0),
(1114, 87, 16, 0),
(1115, 87, 17, 0),
(1116, 87, 18, 0),
(1117, 88, 1, 0),
(1118, 88, 2, 0),
(1119, 88, 3, 0),
(1120, 88, 4, 0),
(1121, 88, 5, 0),
(1122, 88, 6, 0),
(1123, 88, 7, 0),
(1124, 88, 8, 0),
(1125, 88, 9, 0),
(1126, 88, 10, 0),
(1127, 88, 11, 0),
(1128, 88, 12, 0),
(1129, 88, 13, 0),
(1130, 88, 14, 0),
(1131, 88, 15, 0),
(1132, 88, 16, 0),
(1133, 88, 17, 0),
(1134, 88, 18, 0),
(1135, 89, 1, 2),
(1136, 89, 2, 0),
(1137, 89, 3, 5),
(1138, 89, 4, 0),
(1139, 89, 5, 0),
(1140, 89, 6, 5),
(1141, 89, 7, 0),
(1142, 89, 8, 0),
(1143, 89, 9, 0),
(1144, 89, 10, 0),
(1145, 89, 11, 0),
(1146, 89, 12, 0),
(1147, 89, 13, 0),
(1148, 89, 14, 0),
(1149, 89, 15, 0),
(1150, 89, 16, 0),
(1151, 89, 17, 0),
(1152, 89, 18, 0),
(1153, 90, 1, 11),
(1154, 90, 2, 4),
(1155, 90, 3, 4),
(1156, 90, 4, 0),
(1157, 90, 5, 0),
(1158, 90, 6, 2),
(1159, 90, 7, 0),
(1160, 90, 8, 0),
(1161, 90, 9, 0),
(1162, 90, 10, 0),
(1163, 90, 11, 0),
(1164, 90, 12, 0),
(1165, 90, 13, 0),
(1166, 90, 14, 0),
(1167, 90, 15, 0),
(1168, 90, 16, 0),
(1169, 90, 17, 0),
(1170, 90, 18, 0),
(1171, 92, 1, 5),
(1172, 92, 2, 2),
(1173, 92, 3, 0),
(1174, 92, 4, 0),
(1175, 92, 5, 0),
(1176, 92, 6, 0),
(1177, 92, 7, 0),
(1178, 92, 8, 0),
(1179, 92, 9, 0),
(1180, 92, 10, 0),
(1181, 92, 11, 0),
(1182, 92, 12, 0),
(1183, 92, 13, 0),
(1184, 92, 14, 0),
(1185, 92, 15, 0),
(1186, 92, 16, 0),
(1187, 92, 17, 0),
(1188, 92, 18, 0),
(1189, 93, 1, 1),
(1190, 93, 2, 0),
(1191, 93, 3, 0),
(1192, 93, 4, 0),
(1193, 93, 5, 0),
(1194, 93, 6, 0),
(1195, 93, 7, 0),
(1196, 93, 8, 0),
(1197, 93, 9, 0),
(1198, 93, 10, 0),
(1199, 93, 11, 0),
(1200, 93, 12, 0),
(1201, 93, 13, 0),
(1202, 93, 14, 0),
(1203, 93, 15, 0),
(1204, 93, 16, 0),
(1205, 93, 17, 0),
(1206, 93, 18, 0),
(1207, 94, 1, 32),
(1208, 94, 2, 10),
(1209, 94, 3, 11),
(1210, 94, 4, 0),
(1211, 94, 5, 0),
(1212, 94, 6, 86),
(1213, 94, 7, 0),
(1214, 94, 8, 0),
(1215, 94, 9, 0),
(1216, 94, 10, 0),
(1217, 94, 11, 0),
(1218, 94, 12, 0),
(1219, 94, 13, 0),
(1220, 94, 14, 0),
(1221, 94, 15, 0),
(1222, 94, 16, 0),
(1223, 94, 17, 0),
(1224, 94, 18, 0),
(1225, 100, 1, 40),
(1226, 100, 2, 0),
(1227, 100, 3, 31),
(1228, 100, 4, 7),
(1229, 100, 5, 0),
(1230, 100, 6, 28),
(1231, 100, 7, 0),
(1232, 100, 8, 0),
(1233, 100, 9, 0),
(1234, 100, 10, 0),
(1235, 100, 11, 0),
(1236, 100, 12, 5),
(1237, 100, 13, 0),
(1238, 100, 14, 0),
(1239, 100, 15, 0),
(1240, 100, 16, 3),
(1241, 100, 17, 0),
(1242, 100, 18, 11),
(1243, 99, 1, 5),
(1244, 99, 2, 2),
(1245, 99, 3, 25),
(1246, 99, 4, 0),
(1247, 99, 5, 0),
(1248, 99, 6, 0),
(1249, 99, 7, 0),
(1250, 99, 8, 4),
(1251, 99, 9, 0),
(1252, 99, 10, 0),
(1253, 99, 11, 0),
(1254, 99, 12, 2),
(1255, 99, 13, 0),
(1256, 99, 14, 0),
(1257, 99, 15, 4),
(1258, 99, 16, 22),
(1259, 99, 17, 1),
(1260, 99, 18, 2),
(1261, 97, 1, 51),
(1262, 97, 2, 7),
(1263, 97, 3, 113),
(1264, 97, 4, 0),
(1265, 97, 5, 0),
(1266, 97, 6, 88),
(1267, 97, 7, 0),
(1268, 97, 8, 1),
(1269, 97, 9, 0),
(1270, 97, 10, 0),
(1271, 97, 11, 0),
(1272, 97, 12, 0),
(1273, 97, 13, 0),
(1274, 97, 14, 35),
(1275, 97, 15, 0),
(1276, 97, 16, 6),
(1277, 97, 17, 4),
(1278, 97, 18, 24),
(1279, 101, 1, 8),
(1280, 101, 2, 9),
(1281, 101, 3, 0),
(1282, 101, 4, 0),
(1283, 101, 5, 0),
(1284, 101, 6, 0),
(1285, 101, 7, 0),
(1286, 101, 8, 0),
(1287, 101, 9, 0),
(1288, 101, 10, 0),
(1289, 101, 11, 3),
(1290, 101, 12, 0),
(1291, 101, 13, 0),
(1292, 101, 14, 0),
(1293, 101, 15, 0),
(1294, 101, 16, 0),
(1295, 101, 17, 0),
(1296, 101, 18, 0),
(1297, 102, 1, 0),
(1298, 102, 2, 0),
(1299, 102, 3, 0),
(1300, 102, 4, 0),
(1301, 102, 5, 0),
(1302, 102, 6, 0),
(1303, 102, 7, 0),
(1304, 102, 8, 1),
(1305, 102, 9, 0),
(1306, 102, 10, 0),
(1307, 102, 11, 0),
(1308, 102, 12, 0),
(1309, 102, 13, 0),
(1310, 102, 14, 0),
(1311, 102, 15, 0),
(1312, 102, 16, 0),
(1313, 102, 17, 0),
(1314, 102, 18, 0),
(1315, 103, 1, 0),
(1316, 103, 2, 0),
(1317, 103, 3, 0),
(1318, 103, 4, 0),
(1319, 103, 5, 0),
(1320, 103, 6, 0),
(1321, 103, 7, 0),
(1322, 103, 8, 0),
(1323, 103, 9, 0),
(1324, 103, 10, 0),
(1325, 103, 11, 0),
(1326, 103, 12, 0),
(1327, 103, 13, 0),
(1328, 103, 14, 0),
(1329, 103, 15, 0),
(1330, 103, 16, 0),
(1331, 103, 17, 0),
(1332, 103, 18, 0),
(1333, 104, 1, 1),
(1334, 104, 2, 0),
(1335, 104, 3, 0),
(1336, 104, 4, 0),
(1337, 104, 5, 0),
(1338, 104, 6, 0),
(1339, 104, 7, 0),
(1340, 104, 8, 0),
(1341, 104, 9, 0),
(1342, 104, 10, 0),
(1343, 104, 11, 1),
(1344, 104, 12, 0),
(1345, 104, 13, 0),
(1346, 104, 14, 0),
(1347, 104, 15, 0),
(1348, 104, 16, 0),
(1349, 104, 17, 0),
(1350, 104, 18, 0),
(1351, 105, 1, 0),
(1352, 105, 2, 0),
(1353, 105, 3, 1),
(1354, 105, 4, 0),
(1355, 105, 5, 0),
(1356, 105, 6, 2),
(1357, 105, 7, 0),
(1358, 105, 8, 0),
(1359, 105, 9, 0),
(1360, 105, 10, 0),
(1361, 105, 11, 0),
(1362, 105, 12, 0),
(1363, 105, 13, 0),
(1364, 105, 14, 0),
(1365, 105, 15, 0),
(1366, 105, 16, 0),
(1367, 105, 17, 0),
(1368, 105, 18, 0),
(1369, 106, 1, 11),
(1370, 106, 2, 0),
(1371, 106, 3, 4),
(1372, 106, 4, 0),
(1373, 106, 5, 0),
(1374, 106, 6, 11),
(1375, 106, 7, 0),
(1376, 106, 8, 0),
(1377, 106, 9, 0),
(1378, 106, 10, 0),
(1379, 106, 11, 0),
(1380, 106, 12, 0),
(1381, 106, 13, 0),
(1382, 106, 14, 0),
(1383, 106, 15, 0),
(1384, 106, 16, 0),
(1385, 106, 17, 0),
(1386, 106, 18, 2),
(1387, 107, 1, 63),
(1388, 107, 2, 8),
(1389, 107, 3, 15),
(1390, 107, 4, 4),
(1391, 107, 5, 0),
(1392, 107, 6, 13),
(1393, 107, 7, 0),
(1394, 107, 8, 0),
(1395, 107, 9, 0),
(1396, 107, 10, 0),
(1397, 107, 11, 0),
(1398, 107, 12, 0),
(1399, 107, 13, 0),
(1400, 107, 14, 0),
(1401, 107, 15, 0),
(1402, 107, 16, 0),
(1403, 107, 17, 0),
(1404, 107, 18, 0),
(1405, 110, 1, 1),
(1406, 110, 2, 1),
(1407, 110, 3, 2),
(1408, 110, 4, 1),
(1409, 110, 5, 1),
(1410, 110, 6, 1),
(1411, 110, 7, 1),
(1412, 110, 8, 2),
(1413, 110, 9, 1),
(1414, 110, 10, 0),
(1415, 110, 11, 0),
(1416, 110, 12, 0),
(1417, 110, 13, 0),
(1418, 110, 14, 0),
(1419, 110, 15, 2),
(1420, 110, 16, 2),
(1421, 110, 17, 0),
(1422, 110, 18, 0),
(1423, 111, 1, 1),
(1424, 111, 2, 1),
(1425, 111, 3, 0),
(1426, 111, 4, 1),
(1427, 111, 5, 2),
(1428, 111, 6, 1),
(1429, 111, 7, 1),
(1430, 111, 8, 1),
(1431, 111, 9, 0),
(1432, 111, 10, 0),
(1433, 111, 11, 0),
(1434, 111, 12, 0),
(1435, 111, 13, 0),
(1436, 111, 14, 1),
(1437, 111, 15, 2),
(1438, 111, 16, 0),
(1439, 111, 17, 0),
(1440, 111, 18, 0),
(1441, 113, 1, 3),
(1442, 113, 2, 0),
(1443, 113, 3, 3),
(1444, 113, 4, 1),
(1445, 113, 5, 3),
(1446, 113, 6, 0),
(1447, 113, 7, 3),
(1448, 113, 8, 3),
(1449, 113, 9, 0),
(1450, 113, 10, 0),
(1451, 113, 11, 0),
(1452, 113, 12, 0),
(1453, 113, 13, 0),
(1454, 113, 14, 3),
(1455, 113, 15, 0),
(1456, 113, 16, 4),
(1457, 113, 17, 1),
(1458, 113, 18, 0),
(1459, 114, 1, 3),
(1460, 114, 2, 0),
(1461, 114, 3, 1),
(1462, 114, 4, 0),
(1463, 114, 5, 0),
(1464, 114, 6, 10),
(1465, 114, 7, 0),
(1466, 114, 8, 0),
(1467, 114, 9, 0),
(1468, 114, 10, 0),
(1469, 114, 11, 0),
(1470, 114, 12, 0),
(1471, 114, 13, 0),
(1472, 114, 14, 0),
(1473, 114, 15, 0),
(1474, 114, 16, 0),
(1475, 114, 17, 0),
(1476, 114, 18, 0),
(1477, 115, 1, 0),
(1478, 115, 2, 1),
(1479, 115, 3, 0),
(1480, 115, 4, 0),
(1481, 115, 5, 1),
(1482, 115, 6, 1),
(1483, 115, 7, 0),
(1484, 115, 8, 0),
(1485, 115, 9, 0),
(1486, 115, 10, 0),
(1487, 115, 11, 0),
(1488, 115, 12, 0),
(1489, 115, 13, 0),
(1490, 115, 14, 0),
(1491, 115, 15, 0),
(1492, 115, 16, 0),
(1493, 115, 17, 0),
(1494, 115, 18, 0),
(1495, 116, 1, 0),
(1496, 116, 2, 0),
(1497, 116, 3, 3),
(1498, 116, 4, 0),
(1499, 116, 5, 0),
(1500, 116, 6, 0),
(1501, 116, 7, 0),
(1502, 116, 8, 0),
(1503, 116, 9, 0),
(1504, 116, 10, 0),
(1505, 116, 11, 0),
(1506, 116, 12, 0),
(1507, 116, 13, 0),
(1508, 116, 14, 0),
(1509, 116, 15, 0),
(1510, 116, 16, 0),
(1511, 116, 17, 0),
(1512, 116, 18, 0),
(1513, 117, 1, 0),
(1514, 117, 2, 0),
(1515, 117, 3, 0),
(1516, 117, 4, 0),
(1517, 117, 5, 0),
(1518, 117, 6, 0),
(1519, 117, 7, 0),
(1520, 117, 8, 0),
(1521, 117, 9, 0),
(1522, 117, 10, 0),
(1523, 117, 11, 0),
(1524, 117, 12, 0),
(1525, 117, 13, 0),
(1526, 117, 14, 0),
(1527, 117, 15, 0),
(1528, 117, 16, 0),
(1529, 117, 17, 0),
(1530, 117, 18, 0),
(1531, 118, 1, 0),
(1532, 118, 2, 0),
(1533, 118, 3, 0),
(1534, 118, 4, 0),
(1535, 118, 5, 0),
(1536, 118, 6, 0),
(1537, 118, 7, 0),
(1538, 118, 8, 0),
(1539, 118, 9, 0),
(1540, 118, 10, 0),
(1541, 118, 11, 0),
(1542, 118, 12, 0),
(1543, 118, 13, 0),
(1544, 118, 14, 0),
(1545, 118, 15, 0),
(1546, 118, 16, 0),
(1547, 118, 17, 0),
(1548, 118, 18, 0),
(1549, 119, 1, 2),
(1550, 119, 2, 0),
(1551, 119, 3, 5),
(1552, 119, 4, 0),
(1553, 119, 5, 0),
(1554, 119, 6, 14),
(1555, 119, 7, 0),
(1556, 119, 8, 0),
(1557, 119, 9, 0),
(1558, 119, 10, 0),
(1559, 119, 11, 0),
(1560, 119, 12, 0),
(1561, 119, 13, 0),
(1562, 119, 14, 0),
(1563, 119, 15, 0),
(1564, 119, 16, 0),
(1565, 119, 17, 0),
(1566, 119, 18, 0),
(1567, 120, 1, 15),
(1568, 120, 2, 3),
(1569, 120, 3, 10),
(1570, 120, 4, 0),
(1571, 120, 5, 0),
(1572, 120, 6, 11),
(1573, 120, 7, 0),
(1574, 120, 8, 0),
(1575, 120, 9, 0),
(1576, 120, 10, 0),
(1577, 120, 11, 0),
(1578, 120, 12, 0),
(1579, 120, 13, 0),
(1580, 120, 14, 0),
(1581, 120, 15, 0),
(1582, 120, 16, 0),
(1583, 120, 17, 0),
(1584, 120, 18, 0),
(1585, 121, 1, 0),
(1586, 121, 2, 0),
(1587, 121, 3, 0),
(1588, 121, 4, 0),
(1589, 121, 5, 0),
(1590, 121, 6, 0),
(1591, 121, 7, 0),
(1592, 121, 8, 0),
(1593, 121, 9, 0),
(1594, 121, 10, 0),
(1595, 121, 11, 0),
(1596, 121, 12, 0),
(1597, 121, 13, 0),
(1598, 121, 14, 0),
(1599, 121, 15, 0),
(1600, 121, 16, 0),
(1601, 121, 17, 0),
(1602, 121, 18, 0),
(1603, 123, 1, 0),
(1604, 123, 2, 0),
(1605, 123, 3, 0),
(1606, 123, 4, 0),
(1607, 123, 5, 0),
(1608, 123, 6, 0),
(1609, 123, 7, 0),
(1610, 123, 8, 0),
(1611, 123, 9, 0),
(1612, 123, 10, 0),
(1613, 123, 11, 0),
(1614, 123, 12, 0),
(1615, 123, 13, 0),
(1616, 123, 14, 0),
(1617, 123, 15, 2),
(1618, 123, 16, 0),
(1619, 123, 17, 0),
(1620, 123, 18, 0);

-- --------------------------------------------------------

--
-- Table structure for table `coastkeeper_section`
--

DROP TABLE IF EXISTS `coastkeeper_section`;
CREATE TABLE IF NOT EXISTS `coastkeeper_section` (
  `id` int(11) NOT NULL AUTO_INCREMENT,
  `coastkeeper_location_id` int(11) NOT NULL,
  `name` varchar(255) NOT NULL,
  PRIMARY KEY (`id`)
) ENGINE=MyISAM  DEFAULT CHARSET=utf8 AUTO_INCREMENT=13 ;

--
-- Dumping data for table `coastkeeper_section`
--

INSERT INTO `coastkeeper_section` (`id`, `coastkeeper_location_id`, `name`) VALUES
(1, 1, 'Scripps Pier to Tower 31'),
(2, 1, 'Tower 31 to Boat Launch'),
(3, 1, 'Boat Launch to Coastal Access'),
(4, 1, 'Coast Walk Lookout'),
(5, 1, 'Point La Jolla / Bridge Club'),
(6, 2, 'Palomar Street'),
(7, 2, 'Costa and Chelsea Viewpoint'),
(8, 2, 'Hermosa Park'),
(9, 2, 'Forward Street Viewpoint'),
(10, 2, 'Calumet Park'),
(11, 2, 'Tourmaline Surf Park'),
(12, 2, 'Tourmaline to Diamond Street Beach Walk');

-- --------------------------------------------------------

--
-- Table structure for table `coastkeeper_volunteer`
--

DROP TABLE IF EXISTS `coastkeeper_volunteer`;
CREATE TABLE IF NOT EXISTS `coastkeeper_volunteer` (
  `id` int(11) NOT NULL AUTO_INCREMENT,
  `first_name` varchar(255) NOT NULL,
  `last_name` varchar(255) NOT NULL,
  `username` varchar(255) NOT NULL,
  `password` varchar(32) NOT NULL,
  `is_admin` smallint(1) NOT NULL DEFAULT '0',
  PRIMARY KEY (`id`)
) ENGINE=MyISAM  DEFAULT CHARSET=utf8 AUTO_INCREMENT=18 ;

--
-- Dumping data for table `coastkeeper_volunteer`
--

INSERT INTO `coastkeeper_volunteer` (`id`, `first_name`, `last_name`, `username`, `password`, `is_admin`) VALUES
(1, 'Jeff', 'Schell', 'jschell', 'ae2b1fca515949e5d54fb22b8ed95575', 1),
(2, 'David', 'Drabik', 'ddrabik', 'ae2b1fca515949e5d54fb22b8ed95575', 1),
(3, 'Sally', 'Do', 'sdo', 'ae2b1fca515949e5d54fb22b8ed95575', 1),
(4, 'Sally', 'Law', 'slaw', 'ae2b1fca515949e5d54fb22b8ed95575', 0),
(5, 'Parry', 'Wilcox', 'pwilcox', 'ae2b1fca515949e5d54fb22b8ed95575', 1),
(6, 'Josh', 'Sykes', 'jsykes', 'ae2b1fca515949e5d54fb22b8ed95575', 0),
(7, 'James', 'Pitta', 'jpitta', 'ae2b1fca515949e5d54fb22b8ed95575', 0),
(8, 'Sharon', 'Chung', 'schung', 'ae2b1fca515949e5d54fb22b8ed95575', 1),
(9, 'Matt', 'Murbach', 'mmurbach', 'ae2b1fca515949e5d54fb22b8ed95575', 0),
(10, 'Geno', 'Pawlak', 'gpawlak', 'ae2b1fca515949e5d54fb22b8ed95575', 0),
(11, 'Coastkeeper', 'SD', 'coastkeeper', 'd922a7f8d1b8e855b77076e2f839635e', 1),
(12, 'David', 'Li', 'dli', 'ae2b1fca515949e5d54fb22b8ed95575', 1),
(13, 'Shannon', 'Harris', 'sharris', 'c556abc9c00f0661f80c1c215647ecdd', 0),
(14, 'Erin', 'Campbell', 'ecampbell', '3eadf29a78f75394cc29641ea1391a56', 0),
(15, 'Jill', 'Witkowski', 'jwitkowski', '3eadf29a78f75394cc29641ea1391a56', 1),
(16, 'Mallory', 'Watson', 'mwatson', 'd922a7f8d1b8e855b77076e2f839635e', 1),
(17, 'HTH', 'HTH', 'hth', '18496d77c7c18eee4c65a0f9985f8001', 0);

/*!40101 SET CHARACTER_SET_CLIENT=@OLD_CHARACTER_SET_CLIENT */;
/*!40101 SET CHARACTER_SET_RESULTS=@OLD_CHARACTER_SET_RESULTS */;
/*!40101 SET COLLATION_CONNECTION=@OLD_COLLATION_CONNECTION */;
